,serial,mix_a,mix_b,mix_c,mix_d,humidity,voltage_0,voltage_1,temperature_0,temperature_1,animal_aardvark,animal_bat,animal_beetle,animal_cat,animal_dog,animal_fly,animal_ostrich,animal_swan,animal_walrus,plant_apple,plant_banana,plant_fish,plant_melon,plant_orange,plant_peach,plant_turnip,fan_coconut,fan_high,fan_low,fan_medium,pod_Pod_0,pod_pod_a,pod_pod_b,pod_pod_c,pod_pod_d,pod_pod_e
0,60429,0.6059136495270213,0.5343523768130916,1.0390169048788969,-0.2780474248373344,56,1,0,1,0,1,0,0,0,0,0,0,0,0,1,0,0,0,0,0,0,0,0,1,0,1,0,0,0,0,0
1,56805,0.099336594403189,-1.6668028710495202,-0.0712504138706459,-0.4475239504524716,36,1,0,1,0,0,1,0,0,0,0,0,0,0,0,0,0,0,0,0,1,1,0,0,0,1,0,0,0,0,0
2,60962,-1.5554817856679966,1.9005866685898851,-1.3401273495844088,-1.4643831041432946,29,1,0,0,1,0,0,1,0,0,0,0,0,0,0,1,0,0,0,0,0,0,0,0,1,1,0,0,0,0,0
3,46081,-0.5760994790952542,-1.6288519185001649,0.16666401157568467,-1.2949065785281575,57,1,0,1,0,0,0,0,1,0,0,0,0,0,0,0,0,1,0,0,0,0,1,0,0,1,0,0,0,0,0
4,51431,1.1462625083257758,-0.6041761996675696,-1.2608225411022986,1.0777647800837629,43,1,0,0,1,0,0,0,0,1,0,0,0,0,0,0,0,0,1,0,0,0,0,0,1,1,0,0,0,0,0
5,7568,0.30196741645272196,0.8000090446585792,-0.943603307173858,0.06090562639293992,35,1,0,1,0,0,0,0,0,0,1,0,0,0,0,0,1,0,0,0,0,0,1,0,0,1,0,0,0,0,0
6,83116,0.977403489951165,-0.7559800098649911,-1.3401273495844088,0.2303821520080771,92,1,0,0,1,0,0,0,0,0,0,0,1,0,0,0,0,0,0,1,0,0,0,1,0,1,0,0,0,0,0
7,34930,1.4839805450749974,0.11689189877018245,-0.943603307173858,1.5861943569291745,86,1,0,1,0,0,0,0,0,0,0,0,0,1,0,0,1,0,0,0,0,1,0,0,0,1,0,0,0,0,0
8,98546,-1.0151329268692422,1.483126190546976,0.721797670950456,1.2472413056989002,47,1,0,0,1,1,0,0,0,0,0,0,0,0,0,0,0,0,0,1,0,0,0,1,0,0,1,0,0,0,0
9,3482,0.7072290605517878,-1.0975385828091895,0.3252736285399051,0.39985867762321425,68,1,0,1,0,1,0,0,0,0,0,0,0,0,0,0,0,0,0,1,0,0,1,0,0,0,1,0,0,0,0
10,85876,0.6059136495270213,-0.9836857251611234,1.2769313303252274,-0.9559535272978831,62,1,0,1,0,0,1,0,0,0,0,0,0,0,0,0,0,1,0,0,0,0,0,0,1,0,1,0,0,0,0
11,84765,-0.03575062029649963,-0.2626176267233713,1.1976265218431172,0.5693352032383514,45,1,0,0,1,0,1,0,0,0,0,0,0,0,0,0,0,1,0,0,0,0,0,0,1,0,1,0,0,0,0
12,58211,0.7747726679016321,1.7108319058431083,-1.7366513919949598,1.2472413056989002,36,1,0,0,1,0,0,1,0,0,0,0,0,0,0,1,0,0,0,0,0,1,0,0,0,0,1,0,0,0,0
13,32396,1.3488933303753088,-1.5909009659508093,-0.38846964779908666,-0.4475239504524716,74,1,0,0,1,0,0,1,0,0,0,0,0,0,0,0,0,0,0,0,1,1,0,0,0,0,1,0,0,0,0
14,64739,1.2138061156756201,0.6102542819118023,0.3252736285399051,-0.6170004760676088,52,1,0,0,1,0,0,1,0,0,0,0,0,0,0,0,0,0,0,0,1,0,0,0,1,0,1,0,0,0,0
15,49103,-1.2515355525936973,-0.7559800098649911,0.008054394611464292,1.4167178313140374,28,1,0,0,1,0,0,1,0,0,0,0,0,0,0,0,0,1,0,0,0,0,0,0,1,0,1,0,0,0,0
16,35212,-0.5085558717454098,-0.8318819149637019,0.008054394611464292,0.39985867762321425,62,1,0,0,1,0,0,1,0,0,0,0,0,0,0,0,0,0,0,0,1,0,0,0,1,0,1,0,0,0,0
17,52798,-0.27215324602095475,0.0409899936714717,-1.2608225411022986,0.39985867762321425,51,1,0,0,1,0,0,1,0,0,0,0,0,0,1,0,0,0,0,0,0,0,0,1,0,0,1,0,0,0,0
18,969,-0.23838144234603256,0.3825485666156701,-0.6263840732454172,-0.7864770016827459,48,1,0,0,1,0,0,1,0,0,0,0,0,0,0,0,0,0,0,1,0,1,0,0,0,0,1,0,0,0,0
19,72712,-0.8462739084946314,0.23074475641824857,-0.943603307173858,-0.4475239504524716,33,1,0,0,1,0,0,1,0,0,0,0,0,0,0,0,0,0,0,1,0,0,1,0,0,0,1,0,0,0,0
20,89115,-1.1502201415689308,-0.9836857251611234,-1.419432158066519,0.06090562639293992,47,1,0,0,1,0,0,1,0,0,0,0,0,0,0,0,0,0,0,0,1,0,0,0,1,0,1,0,0,0,0
21,38449,0.33573922012764407,1.0277147599547114,0.16666401157568467,-0.10857089922219726,54,1,0,0,1,0,0,1,0,0,0,0,0,0,0,0,0,1,0,0,0,1,0,0,0,0,1,0,0,0,0
22,49545,0.2344238091028776,-0.18671572162466055,-0.46777445628119685,-1.1254300529130203,90,1,0,0,1,0,0,1,0,0,0,0,0,0,0,0,0,0,0,1,0,0,1,0,0,0,1,0,0,0,0
23,67648,-1.5892535893429187,-1.552950013401454,-0.1505552223527561,0.9082882544686258,76,1,0,0,1,0,0,1,0,0,0,0,0,0,1,0,0,0,0,0,0,1,0,0,0,0,1,0,0,0,0
24,94237,0.7072290605517878,0.7620580921092238,-1.3401273495844088,0.06090562639293992,73,1,0,0,1,0,0,1,0,0,0,0,0,0,0,0,0,1,0,0,0,1,0,0,0,0,1,0,0,0,0
25,55106,0.6734572568768656,1.9764885736885958,0.9597120963967866,-0.9559535272978831,57,1,0,0,1,0,0,1,0,0,0,0,0,0,0,1,0,0,0,0,0,0,0,0,1,0,1,0,0,0,0
26,49313,0.13310839807811115,-0.9077838200624126,-1.419432158066519,-0.6170004760676088,49,1,0,0,1,0,0,1,0,0,0,0,0,0,0,0,1,0,0,0,0,0,1,0,0,0,1,0,0,0,0
27,55202,-0.7111866937949427,-0.41442143692079275,-1.419432158066519,-0.10857089922219726,53,1,0,0,1,0,0,1,0,0,0,0,0,0,0,0,0,0,0,1,0,0,1,0,0,0,1,0,0,0,0
28,24281,1.2813497230254645,0.9897638074053561,1.118321713361007,-1.6338596297584318,57,1,0,0,1,0,0,1,0,0,0,0,0,0,0,0,1,0,0,0,0,1,0,0,0,0,1,0,0,0,0
29,48198,-0.8462739084946314,-1.552950013401454,-0.8642984986917478,-0.7864770016827459,62,1,0,0,1,0,0,1,0,0,0,0,0,0,0,0,0,0,0,0,1,0,0,0,1,0,1,0,0,0,0
30,66954,1.4502087414000753,0.15484285131953782,-1.3401273495844088,0.9082882544686258,36,1,0,0,1,0,0,1,0,0,0,0,0,0,0,0,0,0,0,1,0,0,0,1,0,0,1,0,0,0,0
31,82014,0.977403489951165,-0.5662252471182143,-0.38846964779908666,-1.6338596297584318,34,1,0,0,1,0,0,1,0,0,0,0,0,0,0,0,0,1,0,0,0,0,0,0,1,0,1,0,0,0,0
32,70168,-0.6774148901200205,-1.4011462032040325,0.08735920309357448,0.7388117288534887,41,1,0,0,1,0,0,1,0,0,0,0,0,0,1,0,0,0,0,0,0,1,0,0,0,0,1,0,0,0,0
33,77984,-1.1502201415689308,-0.9836857251611234,1.4355409472894478,-0.9559535272978831,52,1,0,0,1,0,0,1,0,0,0,0,0,0,0,0,0,1,0,0,0,0,0,0,1,0,1,0,0,0,0
34,48621,0.36951102380256623,-1.552950013401454,0.008054394611464292,1.0777647800837629,71,1,0,0,1,0,0,1,0,0,0,0,0,0,0,0,0,1,0,0,0,0,0,0,1,0,1,0,0,0,0
35,59678,1.4502087414000753,-1.2113914404572557,-0.22986003083486628,-1.6338596297584318,89,1,0,0,1,0,0,1,0,0,0,0,0,0,1,0,0,0,0,0,0,1,0,0,0,0,1,0,0,0,0
36,91958,-0.44101226439556546,-0.41442143692079275,1.514845755771558,-1.2949065785281575,63,1,0,0,1,0,0,1,0,0,0,0,0,0,0,0,0,1,0,0,0,0,0,0,1,0,1,0,0,0,0
37,50969,-1.5217099819930744,0.34459761406631473,1.2769313303252274,0.06090562639293992,29,1,0,0,1,0,0,1,0,0,0,0,0,0,0,0,0,1,0,0,0,0,0,0,1,0,1,0,0,0,0
38,85247,0.099336594403189,1.596979048195042,-1.022908115655968,-0.2780474248373344,66,1,0,0,1,0,0,1,0,0,0,0,0,0,0,1,0,0,0,0,0,1,0,0,0,0,1,0,0,0,0
39,40506,-0.8125021048197092,-0.5282742945688589,0.6424928624683458,0.7388117288534887,73,1,0,0,1,0,0,1,0,0,0,0,0,0,0,0,0,0,0,1,0,1,0,0,0,0,1,0,0,0,0
40,70168,-0.542327675420332,0.0409899936714717,0.08735920309357448,1.2472413056989002,88,1,0,0,1,0,0,1,0,0,0,0,0,0,0,0,0,1,0,0,0,1,0,0,0,0,1,0,0,0,0
41,94104,0.30196741645272196,-0.03491191142723904,-1.5780417750307394,0.9082882544686258,29,1,0,0,1,0,0,1,0,0,0,0,0,0,0,0,1,0,0,0,0,0,0,1,0,0,1,0,0,0,0
42,99306,-0.7111866937949427,0.0409899936714717,1.118321713361007,-1.4643831041432946,57,1,0,0,1,0,0,1,0,0,0,0,0,0,0,0,0,0,0,0,1,1,0,0,0,0,1,0,0,0,0
43,30772,1.5177523487499196,0.11689189877018245,0.4838832455041255,0.2303821520080771,84,1,0,0,1,0,0,1,0,0,0,0,0,0,0,0,1,0,0,0,0,0,1,0,0,0,1,0,0,0,0
44,20467,0.33573922012764407,-0.7939309624143466,0.5631880539862356,0.06090562639293992,58,1,0,0,1,0,0,1,0,0,0,0,0,0,1,0,0,0,0,0,0,1,0,0,0,0,1,0,0,0,0
45,82566,-1.6905690003676852,-0.945734772611768,-0.30916483931697647,-0.6170004760676088,66,1,0,0,1,0,0,1,0,0,0,0,0,0,0,0,0,0,0,1,0,1,0,0,0,0,1,0,0,0,0
46,3717,0.2681956127777998,0.07894094622082709,0.24596882005779486,0.06090562639293992,67,1,0,0,1,0,0,1,0,0,0,0,0,0,0,0,0,0,1,0,0,0,1,0,0,0,1,0,0,0,0
47,97729,0.13310839807811115,-0.6041761996675696,-0.1505552223527561,-1.1254300529130203,91,1,0,0,1,0,0,1,0,0,0,0,0,0,0,0,0,0,1,0,0,0,0,1,0,0,1,0,0,0,0
48,37919,0.43705463115241056,1.596979048195042,0.16666401157568467,0.5693352032383514,43,1,0,0,1,0,0,1,0,0,0,0,0,0,0,1,0,0,0,0,0,0,0,0,1,0,1,0,0,0,0
49,51374,1.2813497230254645,1.9764885736885958,-1.2608225411022986,-0.6170004760676088,30,1,0,0,1,0,0,1,0,0,0,0,0,0,0,1,0,0,0,0,0,1,0,0,0,0,1,0,0,0,0
50,64641,0.43705463115241056,0.49640142426373624,-1.1815177326201884,0.7388117288534887,69,1,0,0,1,0,0,1,0,0,0,0,0,0,0,0,1,0,0,0,0,1,0,0,0,0,1,0,0,0,0
51,34343,0.33573922012764407,0.9897638074053561,1.118321713361007,0.39985867762321425,39,1,0,0,1,0,0,1,0,0,0,0,0,0,0,0,0,1,0,0,0,1,0,0,0,0,1,0,0,0,0
52,37414,-0.7111866937949427,-1.0975385828091895,-0.1505552223527561,0.9082882544686258,61,1,0,0,1,0,0,1,0,0,0,0,0,0,1,0,0,0,0,0,0,0,1,0,0,0,1,0,0,0,0
53,95655,0.6734572568768656,1.1415676176027776,-1.7366513919949598,-0.2780474248373344,78,1,0,0,1,0,0,1,0,0,0,0,0,0,0,0,0,1,0,0,0,1,0,0,0,0,1,0,0,0,0
54,84632,-0.23838144234603256,1.4451752379976206,-0.46777445628119685,-0.2780474248373344,27,1,0,0,1,0,0,1,0,0,0,0,0,0,0,1,0,0,0,0,0,0,0,0,1,0,1,0,0,0,0
55,94327,-1.0826765342190865,1.2554204752508438,1.3562361388073376,0.5693352032383514,74,1,0,0,1,0,0,1,0,0,0,0,0,0,0,0,1,0,0,0,0,1,0,0,0,0,1,0,0,0,0
56,84040,1.4164369377251531,-0.8698328675130572,0.008054394611464292,0.39985867762321425,83,1,0,0,1,0,0,1,0,0,0,0,0,0,0,0,0,1,0,0,0,1,0,0,0,0,1,0,0,0,0
57,70135,-0.27215324602095475,0.34459761406631473,-0.30916483931697647,0.5693352032383514,76,1,0,0,1,0,0,1,0,0,0,0,0,0,0,0,0,1,0,0,0,1,0,0,0,0,1,0,0,0,0
58,14609,0.6059136495270213,-1.249342393006611,1.3562361388073376,-0.7864770016827459,49,1,0,0,1,0,0,1,0,0,0,0,0,0,0,0,1,0,0,0,0,0,0,1,0,0,1,0,0,0,0
59,29960,0.7072290605517878,1.4451752379976206,0.08735920309357448,-0.9559535272978831,66,1,0,0,1,0,0,1,0,0,0,0,0,0,0,0,0,0,1,0,0,0,0,1,0,0,1,0,0,0,0
60,1762,1.5515241524248418,0.49640142426373624,0.4045784370220153,1.0777647800837629,94,1,0,0,1,0,0,1,0,0,0,0,0,0,0,0,0,0,1,0,0,0,1,0,0,0,1,0,0,0,0
61,85281,0.977403489951165,-1.5909009659508093,1.118321713361007,-1.4643831041432946,67,1,0,0,1,0,0,1,0,0,0,0,0,0,0,0,0,0,1,0,0,1,0,0,0,0,1,0,0,0,0
62,52556,1.0449470973010093,0.6102542819118023,0.5631880539862356,1.0777647800837629,55,1,0,0,1,0,0,1,0,0,0,0,0,0,0,0,0,1,0,0,0,0,0,0,1,0,1,0,0,0,0
63,13380,-0.9813611231943199,0.23074475641824857,-0.8642984986917478,0.5693352032383514,72,1,0,0,1,0,0,1,0,0,0,0,0,0,1,0,0,0,0,0,0,1,0,0,0,0,1,0,0,0,0
64,6762,-0.7449584974698649,0.003039041122116331,-0.0712504138706459,0.2303821520080771,55,1,0,0,1,0,0,1,0,0,0,0,0,0,0,0,0,0,0,0,1,1,0,0,0,0,1,0,0,0,0
65,82934,1.180034312000698,2.0144395262379513,1.514845755771558,-1.4643831041432946,53,1,0,0,1,0,0,1,0,0,0,0,0,0,0,1,0,0,0,0,0,0,0,0,1,0,1,0,0,0,0
66,16535,-0.27215324602095475,0.003039041122116331,-0.30916483931697647,0.39985867762321425,95,1,0,0,1,0,0,1,0,0,0,0,0,0,0,0,0,0,1,0,0,0,1,0,0,0,1,0,0,0,0
67,19471,0.74100086422671,1.065665712504067,-1.7366513919949598,-1.6338596297584318,35,1,0,0,1,0,0,1,0,0,0,0,0,0,0,0,0,1,0,0,0,0,0,0,1,0,1,0,0,0,0
68,90519,0.9098598826013207,1.4072242854482653,-0.8642984986917478,1.2472413056989002,62,1,0,1,0,0,0,1,0,0,0,0,0,0,0,0,0,1,0,0,0,1,0,0,0,0,1,0,0,0,0
69,76238,-1.3528509636184638,1.786733810941819,-0.8642984986917478,-0.4475239504524716,59,1,0,0,1,0,0,1,0,0,0,0,0,0,0,1,0,0,0,0,0,0,0,0,1,0,1,0,0,0,0
70,56610,-1.6230253930178409,0.15484285131953782,0.4045784370220153,-1.4643831041432946,87,1,0,0,1,0,0,1,0,0,0,0,0,0,0,0,0,0,0,1,0,1,0,0,0,0,1,0,0,0,0
71,84948,-1.5892535893429187,0.3825485666156701,-1.7366513919949598,0.2303821520080771,42,1,0,0,1,0,0,1,0,0,0,0,0,0,0,0,1,0,0,0,0,1,0,0,0,0,1,0,0,0,0
72,72002,0.6734572568768656,1.3692733328989097,-1.6573465835128496,-1.4643831041432946,48,1,0,0,1,0,0,1,0,0,0,0,0,0,0,0,0,1,0,0,0,1,0,0,0,0,1,0,0,0,0
73,33258,-0.4747840680704876,0.268695708967604,1.118321713361007,0.06090562639293992,76,1,0,1,0,0,0,1,0,0,0,0,0,0,0,0,0,1,0,0,0,1,0,0,0,0,1,0,0,0,0
74,34766,0.9436316862762428,1.0277147599547114,1.2769313303252274,-0.9559535272978831,35,1,0,0,1,0,0,1,0,0,0,0,0,0,0,0,0,1,0,0,0,0,0,0,1,0,1,0,0,0,0
75,48535,0.13310839807811115,0.1927938038688932,0.3252736285399051,-0.9559535272978831,52,1,0,0,1,0,0,1,0,0,0,0,0,0,1,0,0,0,0,0,0,1,0,0,0,0,1,0,0,0,0
76,2462,-0.30592504969587686,0.07894094622082709,-0.7849936902096376,0.06090562639293992,58,1,0,0,1,0,0,1,0,0,0,0,0,0,0,0,0,0,0,1,0,0,0,1,0,0,1,0,0,0,0
77,7343,-0.30592504969587686,1.0277147599547114,0.3252736285399051,-0.2780474248373344,87,1,0,0,1,0,0,1,0,0,0,0,0,0,0,0,0,0,0,0,1,1,0,0,0,0,1,0,0,0,0
78,94273,-1.6905690003676852,-0.945734772611768,-1.5780417750307394,-1.1254300529130203,71,1,0,0,1,0,0,1,0,0,0,0,0,0,0,0,0,0,1,0,0,0,1,0,0,0,1,0,0,0,0
79,88459,1.5177523487499196,-1.2113914404572557,-0.7056888817275274,-1.2949065785281575,77,1,0,0,1,0,0,1,0,0,0,0,0,0,0,0,0,0,1,0,0,1,0,0,0,0,1,0,0,0,0
80,98489,0.9436316862762428,0.8000090446585792,1.5941505642536682,-1.6338596297584318,77,1,0,1,0,0,0,0,1,0,0,0,0,0,0,0,0,0,1,0,0,0,0,1,0,0,1,0,0,0,0
81,73139,0.8423162752514763,0.30664666151695935,0.721797670950456,-0.9559535272978831,95,1,0,1,0,0,0,0,1,0,0,0,0,0,0,0,0,0,1,0,0,0,0,1,0,0,1,0,0,0,0
82,23927,0.33573922012764407,1.6728809532937527,1.118321713361007,-0.4475239504524716,86,1,0,1,0,0,0,0,0,1,0,0,0,0,0,1,0,0,0,0,0,1,0,0,0,0,1,0,0,0,0
83,20343,-1.7918844113924517,-1.4011462032040325,-1.6573465835128496,-0.7864770016827459,84,1,0,0,1,0,0,0,0,1,0,0,0,0,1,0,0,0,0,0,0,0,0,1,0,0,1,0,0,0,0
84,14505,0.30196741645272196,-1.4770481083027434,-1.022908115655968,0.39985867762321425,70,1,0,1,0,0,0,0,0,0,1,0,0,0,0,0,1,0,0,0,0,0,0,1,0,0,1,0,0,0,0
85,98701,-0.9813611231943199,0.003039041122116331,1.118321713361007,-1.4643831041432946,53,1,0,1,0,0,0,0,0,0,1,0,0,0,0,0,1,0,0,0,0,0,0,1,0,0,1,0,0,0,0
86,27502,0.5383700421771771,1.4451752379976206,-0.547079264763307,1.4167178313140374,90,1,0,1,0,0,0,0,0,0,0,0,1,0,1,0,0,0,0,0,0,0,1,0,0,0,1,0,0,0,0
87,69541,0.8760880789263985,-0.03491191142723904,1.4355409472894478,-0.10857089922219726,77,1,0,1,0,0,0,0,0,0,0,0,1,0,1,0,0,0,0,0,0,0,1,0,0,0,1,0,0,0,0
88,65871,0.9098598826013207,0.9897638074053561,0.9597120963967866,1.4167178313140374,79,1,0,0,1,0,0,0,0,0,0,0,0,1,0,0,0,0,1,0,0,0,1,0,0,0,1,0,0,0,0
89,77059,0.30196741645272196,0.268695708967604,-0.46777445628119685,1.4167178313140374,84,1,0,0,1,0,0,0,0,0,0,0,0,1,0,0,0,0,0,0,1,1,0,0,0,0,1,0,0,0,0
90,62849,0.7747726679016321,0.6861561870105131,-0.1505552223527561,-0.4475239504524716,87,0,1,0,1,1,0,0,0,0,0,0,0,0,0,0,0,0,0,0,1,1,0,0,0,0,1,0,0,0,0
91,33738,-0.23838144234603256,-0.8698328675130572,0.9597120963967866,-0.4475239504524716,51,0,1,1,0,1,0,0,0,0,0,0,0,0,0,0,0,0,0,1,0,0,1,0,0,0,1,0,0,0,0
92,26012,0.36951102380256623,0.07894094622082709,-0.6263840732454172,0.5693352032383514,33,0,1,0,1,0,1,0,0,0,0,0,0,0,0,0,1,0,0,0,0,0,1,0,0,0,1,0,0,0,0
93,87702,0.6059136495270213,0.6482052344611577,-1.022908115655968,0.06090562639293992,88,0,1,1,0,0,1,0,0,0,0,0,0,0,0,0,0,1,0,0,0,0,0,0,1,0,1,0,0,0,0
94,52503,-0.5760994790952542,-0.338519531822082,-1.1815177326201884,-0.6170004760676088,94,0,1,1,0,0,0,0,1,0,0,0,0,0,0,0,0,0,1,0,0,0,0,1,0,0,1,0,0,0,0
95,15685,1.3151215267003866,0.572303329362447,1.3562361388073376,0.9082882544686258,94,0,1,0,1,0,0,0,1,0,0,0,0,0,0,0,0,0,1,0,0,0,1,0,0,0,1,0,0,0,0
96,34619,-0.9813611231943199,1.9385376211392404,1.118321713361007,0.06090562639293992,87,0,1,1,0,0,0,0,1,0,0,0,0,0,0,1,0,0,0,0,0,0,0,0,1,0,1,0,0,0,0
97,56251,0.74100086422671,2.090341431336662,0.16666401157568467,-1.1254300529130203,56,0,1,1,0,0,0,0,0,1,0,0,0,0,0,1,0,0,0,0,0,1,0,0,0,0,1,0,0,0,0
98,98267,-1.1502201415689308,1.9764885736885958,0.6424928624683458,-0.9559535272978831,71,0,1,1,0,0,0,0,0,1,0,0,0,0,0,1,0,0,0,0,0,1,0,0,0,0,1,0,0,0,0
99,53008,-1.7243408040426074,1.786733810941819,-0.7849936902096376,-1.4643831041432946,47,0,1,0,1,0,0,0,0,1,0,0,0,0,0,1,0,0,0,0,0,0,0,0,1,0,1,0,0,0,0
100,5210,1.180034312000698,0.6102542819118023,0.4045784370220153,-1.4643831041432946,28,0,1,0,1,0,0,0,0,0,1,0,0,0,0,0,0,1,0,0,0,0,0,0,1,0,1,0,0,0,0
101,64556,-0.3734686570457212,-1.4011462032040325,-0.46777445628119685,0.06090562639293992,91,0,1,0,1,0,0,0,0,0,1,0,0,0,0,0,1,0,0,0,0,0,0,1,0,0,1,0,0,0,0
102,97973,1.5177523487499196,1.4451752379976206,1.4355409472894478,1.0777647800837629,50,0,1,0,1,0,0,0,0,0,0,1,0,0,1,0,0,0,0,0,0,0,0,1,0,0,1,0,0,0,0
103,62308,1.5515241524248418,1.5590280956456868,1.7527601812178886,0.39985867762321425,50,0,1,0,1,0,0,0,0,0,0,1,0,0,0,1,0,0,0,0,0,0,0,0,1,0,1,0,0,0,0
104,27551,1.5177523487499196,1.3692733328989097,1.5941505642536682,1.2472413056989002,66,0,1,1,0,0,0,0,0,0,0,0,1,0,1,0,0,0,0,0,0,0,1,0,0,0,1,0,0,0,0
105,24359,1.3488933303753088,0.23074475641824857,0.08735920309357448,1.0777647800837629,34,0,1,0,1,0,0,0,0,0,0,0,1,0,0,0,0,1,0,0,0,1,0,0,0,0,1,0,0,0,0
106,12760,1.180034312000698,-0.9836857251611234,-1.3401273495844088,1.7556708825443117,85,0,1,1,0,0,0,0,0,0,0,0,0,1,0,0,0,0,0,0,1,0,0,0,1,0,1,0,0,0,0
107,96293,0.33573922012764407,0.5343523768130916,1.0390169048788969,1.5861943569291745,90,0,1,1,0,0,0,0,0,0,0,0,0,1,0,0,0,0,0,0,1,0,0,0,1,0,1,0,0,0,0
108,8567,0.5383700421771771,0.15484285131953782,-0.1505552223527561,-1.6338596297584318,35,1,0,0,1,1,0,0,0,0,0,0,0,0,0,0,1,0,0,0,0,0,0,1,0,0,0,1,0,0,0
109,80556,-0.9813611231943199,0.4204995191650255,-1.3401273495844088,-0.9559535272978831,85,1,0,0,1,1,0,0,0,0,0,0,0,0,1,0,0,0,0,0,0,0,0,1,0,0,0,1,0,0,0
110,19045,-1.2177637489187751,-0.45237238947014813,-0.1505552223527561,0.9082882544686258,96,1,0,1,0,1,0,0,0,0,0,0,0,0,0,0,0,0,1,0,0,0,0,1,0,0,0,1,0,0,0
111,79847,0.977403489951165,0.9897638074053561,-0.7849936902096376,0.39985867762321425,65,1,0,0,1,1,0,0,0,0,0,0,0,0,0,0,0,0,1,0,0,0,0,1,0,0,0,1,0,0,0
112,21725,-1.0826765342190865,-0.45237238947014813,1.0390169048788969,0.7388117288534887,83,1,0,1,0,1,0,0,0,0,0,0,0,0,0,0,0,0,1,0,0,1,0,0,0,0,0,1,0,0,0
113,17467,-0.5760994790952542,-1.552950013401454,0.3252736285399051,-1.6338596297584318,72,1,0,0,1,1,0,0,0,0,0,0,0,0,0,0,0,0,1,0,0,0,0,1,0,0,0,1,0,0,0
114,66484,0.43705463115241056,-1.0216366777104788,-0.6263840732454172,-0.9559535272978831,76,1,0,0,1,1,0,0,0,0,0,0,0,0,0,0,0,0,1,0,0,0,1,0,0,0,0,1,0,0,0
115,59145,-0.30592504969587686,1.2554204752508438,0.16666401157568467,0.9082882544686258,42,1,0,1,0,0,1,0,0,0,0,0,0,0,0,0,0,0,0,0,1,0,0,1,0,0,0,1,0,0,0
116,32872,0.9098598826013207,-0.8318819149637019,1.0390169048788969,0.7388117288534887,72,1,0,1,0,0,1,0,0,0,0,0,0,0,0,0,0,0,1,0,0,0,1,0,0,0,0,1,0,0,0
117,85767,0.13310839807811115,1.1036166650534223,0.08735920309357448,0.2303821520080771,66,1,0,1,0,0,1,0,0,0,0,0,0,0,0,0,0,0,1,0,0,0,0,1,0,0,0,1,0,0,0
118,18610,-1.420394570968308,-0.07286286397659442,-1.5780417750307394,-0.6170004760676088,71,1,0,1,0,0,1,0,0,0,0,0,0,0,0,0,0,0,1,0,0,0,0,1,0,0,0,1,0,0,0
119,87730,-1.0826765342190865,-0.5282742945688589,-1.419432158066519,-0.10857089922219726,78,1,0,0,1,0,1,0,0,0,0,0,0,0,0,0,0,0,1,0,0,0,0,0,1,0,0,1,0,0,0
120,51879,-1.5554817856679966,-0.1108138165259498,-0.38846964779908666,-0.9559535272978831,83,1,0,0,1,0,1,0,0,0,0,0,0,0,0,0,0,0,1,0,0,0,0,1,0,0,0,1,0,0,0
121,8379,-1.5892535893429187,0.7241071395598685,-0.0712504138706459,0.9082882544686258,70,1,0,0,1,0,0,1,0,0,0,0,0,0,1,0,0,0,0,0,0,0,0,1,0,0,0,1,0,0,0
122,53019,-0.542327675420332,-0.5662252471182143,-0.6263840732454172,-1.1254300529130203,58,1,0,0,1,0,0,1,0,0,0,0,0,0,0,0,0,0,0,0,1,0,0,1,0,0,0,1,0,0,0
123,53793,0.5045982385022549,1.1415676176027776,-0.30916483931697647,-0.10857089922219726,40,1,0,0,1,0,0,1,0,0,0,0,0,0,0,0,0,1,0,0,0,0,0,1,0,0,0,1,0,0,0
124,50110,0.6734572568768656,0.07894094622082709,1.2769313303252274,0.06090562639293992,66,1,0,0,1,0,0,1,0,0,0,0,0,0,0,0,0,0,1,0,0,0,0,1,0,0,0,1,0,0,0
125,70209,-0.7449584974698649,-0.6800781047662804,1.5941505642536682,-0.2780474248373344,71,1,0,0,1,0,0,1,0,0,0,0,0,0,0,0,0,0,1,0,0,0,0,1,0,0,0,1,0,0,0
126,66635,-1.6905690003676852,0.6102542819118023,-1.6573465835128496,-1.6338596297584318,78,1,0,0,1,0,0,1,0,0,0,0,0,0,0,0,0,0,1,0,0,1,0,0,0,0,0,1,0,0,0
127,83954,-0.7449584974698649,-1.0595876302598342,-0.7056888817275274,-1.2949065785281575,90,1,0,0,1,0,0,1,0,0,0,0,0,0,0,0,0,0,1,0,0,0,0,1,0,0,0,1,0,0,0
128,8032,-1.0489047305441643,0.11689189877018245,-0.7056888817275274,0.7388117288534887,91,1,0,0,1,0,0,1,0,0,0,0,0,0,0,0,0,0,1,0,0,0,0,1,0,0,0,1,0,0,0
129,82145,-1.7918844113924517,1.9005866685898851,-0.0712504138706459,-1.2949065785281575,62,1,0,0,1,0,0,1,0,0,0,0,0,0,0,1,0,0,0,0,0,0,0,1,0,0,0,1,0,0,0
130,39745,0.099336594403189,-0.6421271522169251,-1.4987369665486292,0.2303821520080771,78,1,0,0,1,0,0,1,0,0,0,0,0,0,0,0,0,0,1,0,0,1,0,0,0,0,0,1,0,0,0
131,25330,0.7072290605517878,0.003039041122116331,-1.6573465835128496,-1.1254300529130203,61,1,0,0,1,0,0,1,0,0,0,0,0,0,0,0,0,0,1,0,0,0,0,1,0,0,0,1,0,0,0
132,71270,1.0449470973010093,-0.5282742945688589,0.3252736285399051,0.39985867762321425,68,1,0,0,1,0,0,1,0,0,0,0,0,0,0,0,0,0,1,0,0,0,0,1,0,0,0,1,0,0,0
133,74128,0.74100086422671,-0.3005685792727266,0.8011024794325662,-1.6338596297584318,67,1,0,0,1,0,0,1,0,0,0,0,0,0,0,0,0,0,1,0,0,0,0,1,0,0,0,1,0,0,0
134,2132,0.6059136495270213,0.003039041122116331,1.514845755771558,0.5693352032383514,29,1,0,0,1,0,0,0,1,0,0,0,0,0,0,0,0,0,0,1,0,0,0,1,0,0,0,1,0,0,0
135,10223,-1.7243408040426074,0.4204995191650255,-0.0712504138706459,1.2472413056989002,90,1,0,0,1,0,0,0,1,0,0,0,0,0,0,0,0,0,1,0,0,1,0,0,0,0,0,1,0,0,0
136,77413,-0.5760994790952542,-1.4770481083027434,1.514845755771558,-1.1254300529130203,68,1,0,0,1,0,0,0,1,0,0,0,0,0,0,0,0,0,1,0,0,0,0,1,0,0,0,1,0,0,0
137,48863,-0.9813611231943199,-1.249342393006611,-0.7056888817275274,0.06090562639293992,61,1,0,1,0,0,0,0,1,0,0,0,0,0,0,0,0,0,1,0,0,0,0,1,0,0,0,1,0,0,0
138,14576,-0.7449584974698649,-0.22466667417401592,-1.5780417750307394,0.2303821520080771,98,1,0,1,0,0,0,0,1,0,0,0,0,0,0,0,0,0,1,0,0,0,0,1,0,0,0,1,0,0,0
139,75610,-0.10329422764634394,0.23074475641824857,1.0390169048788969,1.0777647800837629,90,1,0,0,1,0,0,0,1,0,0,0,0,0,0,0,0,1,0,0,0,0,0,1,0,0,0,1,0,0,0
140,88983,-0.778730301144787,-0.9836857251611234,-1.1815177326201884,0.2303821520080771,68,1,0,1,0,0,0,0,0,1,0,0,0,0,0,0,0,0,1,0,0,0,1,0,0,0,0,1,0,0,0
141,18062,0.06556479072826685,0.07894094622082709,1.3562361388073376,0.2303821520080771,95,1,0,0,1,0,0,0,0,1,0,0,0,0,0,0,0,0,1,0,0,1,0,0,0,0,0,1,0,0,0
142,29888,-1.420394570968308,-1.3252442981053218,1.514845755771558,-0.4475239504524716,87,1,0,0,1,0,0,0,0,1,0,0,0,0,0,0,0,0,1,0,0,0,0,1,0,0,0,1,0,0,0
143,93184,-1.7243408040426074,0.7241071395598685,-0.7056888817275274,-0.4475239504524716,74,1,0,1,0,0,0,0,0,1,0,0,0,0,0,0,0,0,1,0,0,0,0,1,0,0,0,1,0,0,0
144,40570,0.7072290605517878,-0.6041761996675696,-1.022908115655968,0.9082882544686258,30,1,0,0,1,0,0,0,0,1,0,0,0,0,0,0,1,0,0,0,0,0,0,1,0,0,0,1,0,0,0
145,32013,0.2681956127777998,1.3692733328989097,-0.7056888817275274,0.39985867762321425,62,1,0,1,0,0,0,0,0,1,0,0,0,0,0,0,0,0,1,0,0,0,0,1,0,0,0,1,0,0,0
146,49744,-0.5085558717454098,1.786733810941819,-0.0712504138706459,0.06090562639293992,72,1,0,0,1,0,0,0,0,0,1,0,0,0,0,1,0,0,0,0,0,0,0,1,0,0,0,1,0,0,0
147,72845,0.8085444715765543,-0.03491191142723904,1.2769313303252274,-1.4643831041432946,30,1,0,0,1,0,0,0,0,0,1,0,0,0,0,0,0,0,0,1,0,0,0,1,0,0,0,1,0,0,0
148,87605,-1.4879381783181522,0.9138619023066453,0.24596882005779486,-1.1254300529130203,71,1,0,0,1,0,0,0,0,0,1,0,0,0,0,0,0,0,1,0,0,0,0,1,0,0,0,1,0,0,0
149,85739,-0.4747840680704876,0.3825485666156701,1.0390169048788969,0.2303821520080771,86,1,0,1,0,0,0,0,0,0,1,0,0,0,0,0,0,0,1,0,0,0,0,1,0,0,0,1,0,0,0
150,35009,-1.1164483378940087,-1.0595876302598342,0.008054394611464292,-1.1254300529130203,86,1,0,1,0,0,0,0,0,0,1,0,0,0,0,0,0,0,1,0,0,0,0,0,1,0,0,1,0,0,0
151,25067,-0.339696853370799,-1.3631952506546772,-0.6263840732454172,-0.6170004760676088,89,1,0,0,1,0,0,0,0,0,1,0,0,0,0,0,0,0,1,0,0,0,0,1,0,0,0,1,0,0,0
152,16464,-1.656797196692763,1.2174695227014882,-0.8642984986917478,0.06090562639293992,79,1,0,1,0,0,0,0,0,0,1,0,0,0,0,0,0,0,1,0,0,0,0,1,0,0,0,1,0,0,0
153,84918,1.5515241524248418,1.5590280956456868,1.7527601812178886,1.0777647800837629,50,1,0,0,1,0,0,0,0,0,0,1,0,0,0,0,0,1,0,0,0,1,0,0,0,0,0,1,0,0,0
154,17128,0.6734572568768656,-0.6041761996675696,1.3562361388073376,-1.1254300529130203,60,1,0,1,0,0,0,0,0,0,0,0,1,0,0,0,0,1,0,0,0,0,0,1,0,0,0,1,0,0,0
155,61003,1.382665134050231,-0.3764704843714374,1.5941505642536682,-1.6338596297584318,84,1,0,1,0,0,0,0,0,0,0,0,1,0,0,0,0,0,1,0,0,0,0,1,0,0,0,1,0,0,0
156,57501,1.3151215267003866,-0.22466667417401592,1.0390169048788969,-1.1254300529130203,32,1,0,0,1,0,0,0,0,0,0,0,1,0,0,0,0,0,0,1,0,0,0,1,0,0,0,1,0,0,0
157,78692,1.4164369377251531,-0.5282742945688589,1.1976265218431172,-0.4475239504524716,93,1,0,1,0,0,0,0,0,0,0,0,1,0,0,0,0,0,1,0,0,0,0,0,1,0,0,1,0,0,0
158,50855,1.0111752936260872,1.2554204752508438,-1.4987369665486292,0.39985867762321425,66,1,0,0,1,0,0,0,0,0,0,0,1,0,0,0,0,0,1,0,0,0,0,1,0,0,0,1,0,0,0
159,84025,1.4839805450749974,0.7241071395598685,0.8011024794325662,0.5693352032383514,58,1,0,0,1,0,0,0,0,0,0,0,1,0,0,0,1,0,0,0,0,0,0,1,0,0,0,1,0,0,0
160,1277,0.6396854532019435,1.2554204752508438,0.16666401157568467,-1.2949065785281575,69,1,0,1,0,0,0,0,0,0,0,0,1,0,0,0,0,0,1,0,0,0,1,0,0,0,0,1,0,0,0
161,70559,0.977403489951165,-0.4903233420195035,-1.022908115655968,1.4167178313140374,56,1,0,1,0,0,0,0,0,0,0,0,0,1,0,0,0,1,0,0,0,0,0,1,0,0,0,1,0,0,0
162,15482,0.9436316862762428,-1.249342393006611,-1.3401273495844088,1.7556708825443117,64,1,0,0,1,0,0,0,0,0,0,0,0,1,0,0,0,0,1,0,0,0,0,1,0,0,0,1,0,0,0
163,15045,0.8760880789263985,-0.7559800098649911,1.118321713361007,1.2472413056989002,85,1,0,1,0,0,0,0,0,0,0,0,0,1,0,0,0,0,1,0,0,0,0,1,0,0,0,1,0,0,0
164,22619,0.7747726679016321,-1.5149990608520987,0.08735920309357448,1.2472413056989002,73,1,0,0,1,0,0,0,0,0,0,0,0,1,0,0,0,0,1,0,0,0,0,0,1,0,0,1,0,0,0
165,57082,1.180034312000698,-1.6288519185001649,1.0390169048788969,1.2472413056989002,95,1,0,0,1,0,0,0,0,0,0,0,0,1,0,0,0,0,1,0,0,0,0,1,0,0,0,1,0,0,0
166,92690,-0.40724046072064335,-1.6668028710495202,0.008054394611464292,1.7556708825443117,63,1,0,0,1,0,0,0,0,0,0,0,0,1,1,0,0,0,0,0,0,0,0,1,0,0,0,1,0,0,0
167,63380,0.6396854532019435,1.9005866685898851,1.514845755771558,1.4167178313140374,88,0,1,0,1,1,0,0,0,0,0,0,0,0,0,1,0,0,0,0,0,0,0,1,0,0,0,1,0,0,0
168,69894,-0.10329422764634394,-1.3252442981053218,-1.7366513919949598,-0.7864770016827459,68,0,1,1,0,1,0,0,0,0,0,0,0,0,0,0,0,1,0,0,0,0,0,1,0,0,0,1,0,0,0
169,47324,-1.420394570968308,1.4451752379976206,-1.1815177326201884,-1.6338596297584318,96,0,1,1,0,1,0,0,0,0,0,0,0,0,0,0,0,0,1,0,0,0,1,0,0,0,0,1,0,0,0
170,96826,1.1462625083257758,0.11689189877018245,0.4045784370220153,0.7388117288534887,80,0,1,0,1,1,0,0,0,0,0,0,0,0,0,0,0,0,1,0,0,0,0,1,0,0,0,1,0,0,0
171,33587,0.9098598826013207,0.1927938038688932,-1.6573465835128496,0.7388117288534887,64,0,1,0,1,1,0,0,0,0,0,0,0,0,0,0,0,0,1,0,0,0,1,0,0,0,0,1,0,0,0
172,20590,0.7747726679016321,-0.5662252471182143,-0.30916483931697647,0.2303821520080771,65,0,1,1,0,1,0,0,0,0,0,0,0,0,0,0,0,0,1,0,0,0,0,1,0,0,0,1,0,0,0
173,57170,1.3151215267003866,0.5343523768130916,-0.7056888817275274,-0.2780474248373344,73,0,1,1,0,0,1,0,0,0,0,0,0,0,0,0,0,1,0,0,0,0,0,1,0,0,0,1,0,0,0
174,54933,-0.339696853370799,1.4451752379976206,0.08735920309357448,-0.4475239504524716,66,0,1,0,1,0,1,0,0,0,0,0,0,0,0,1,0,0,0,0,0,0,0,1,0,0,0,1,0,0,0
175,23811,-0.9475893195193978,-0.6800781047662804,-1.1815177326201884,0.7388117288534887,36,0,1,0,1,0,1,0,0,0,0,0,0,0,0,0,0,0,0,1,0,0,0,1,0,0,0,1,0,0,0
176,6450,-0.7111866937949427,-0.7559800098649911,0.8011024794325662,-1.4643831041432946,95,0,1,1,0,0,1,0,0,0,0,0,0,0,0,0,0,0,1,0,0,0,0,0,1,0,0,1,0,0,0
177,85012,-1.2177637489187751,0.9138619023066453,-0.6263840732454172,-0.6170004760676088,67,0,1,0,1,0,1,0,0,0,0,0,0,0,0,0,0,0,1,0,0,0,0,1,0,0,0,1,0,0,0
178,11380,0.7747726679016321,-1.5149990608520987,-0.1505552223527561,-0.7864770016827459,72,0,1,1,0,0,1,0,0,0,0,0,0,0,0,0,0,0,1,0,0,0,0,1,0,0,0,1,0,0,0
179,29751,0.5045982385022549,0.7620580921092238,0.6424928624683458,-0.10857089922219726,85,0,1,0,1,0,1,0,0,0,0,0,0,0,0,0,0,0,1,0,0,0,1,0,0,0,0,1,0,0,0
180,8844,0.5383700421771771,-1.249342393006611,1.0390169048788969,-1.1254300529130203,70,0,1,0,1,0,0,0,1,0,0,0,0,0,0,0,0,1,0,0,0,0,0,1,0,0,0,1,0,0,0
181,14443,-1.6230253930178409,-1.0975385828091895,-1.5780417750307394,0.5693352032383514,65,0,1,1,0,0,0,0,1,0,0,0,0,0,0,0,1,0,0,0,0,0,0,1,0,0,0,1,0,0,0
182,49828,0.9098598826013207,-1.1734404879079003,0.24596882005779486,0.7388117288534887,87,0,1,1,0,0,0,0,1,0,0,0,0,0,0,0,0,0,1,0,0,0,0,1,0,0,0,1,0,0,0
183,42260,-1.7918844113924517,0.7241071395598685,-0.38846964779908666,1.4167178313140374,75,0,1,0,1,0,0,0,1,0,0,0,0,0,0,0,0,0,1,0,0,0,0,1,0,0,0,1,0,0,0
184,2078,0.6396854532019435,1.2554204752508438,-0.547079264763307,1.2472413056989002,82,0,1,0,1,0,0,0,1,0,0,0,0,0,0,0,0,0,1,0,0,0,0,1,0,0,0,1,0,0,0
185,84370,0.47082643482733266,-1.4011462032040325,1.3562361388073376,-0.4475239504524716,61,0,1,1,0,0,0,0,1,0,0,0,0,0,0,0,0,0,1,0,0,0,0,1,0,0,0,1,0,0,0
186,95412,1.2475779193505423,-0.945734772611768,0.721797670950456,-1.1254300529130203,75,0,1,1,0,0,0,0,0,1,0,0,0,0,0,0,0,1,0,0,0,0,0,1,0,0,0,1,0,0,0
187,10707,0.2681956127777998,0.0409899936714717,-1.3401273495844088,1.4167178313140374,67,0,1,0,1,0,0,0,0,1,0,0,0,0,0,0,0,0,1,0,0,0,1,0,0,0,0,1,0,0,0
188,13703,-1.5217099819930744,-0.6421271522169251,-0.0712504138706459,0.39985867762321425,66,0,1,0,1,0,0,0,0,1,0,0,0,0,0,0,0,0,1,0,0,0,0,1,0,0,0,1,0,0,0
189,81953,1.0111752936260872,-0.07286286397659442,1.514845755771558,0.5693352032383514,91,0,1,0,1,0,0,0,0,1,0,0,0,0,0,0,0,0,1,0,0,0,0,1,0,0,0,1,0,0,0
190,32610,1.3488933303753088,0.07894094622082709,-0.6263840732454172,-0.4475239504524716,67,0,1,0,1,0,0,0,0,1,0,0,0,0,0,0,0,0,1,0,0,1,0,0,0,0,0,1,0,0,0
191,29224,0.6396854532019435,-0.6421271522169251,1.2769313303252274,-1.6338596297584318,71,0,1,1,0,0,0,0,0,1,0,0,0,0,0,0,0,0,1,0,0,0,0,1,0,0,0,1,0,0,0
192,83761,1.1124907046508536,1.3313223803495544,-0.6263840732454172,0.9082882544686258,43,0,1,1,0,0,0,0,0,0,1,0,0,0,1,0,0,0,0,0,0,0,0,1,0,0,0,1,0,0,0
193,52121,-0.9475893195193978,-0.1108138165259498,-0.46777445628119685,1.2472413056989002,77,0,1,0,1,0,0,0,0,0,1,0,0,0,0,0,0,0,1,0,0,0,0,1,0,0,0,1,0,0,0
194,90187,-1.0826765342190865,-0.45237238947014813,-0.30916483931697647,1.2472413056989002,72,0,1,0,1,0,0,0,0,0,1,0,0,0,0,0,0,0,1,0,0,0,0,0,1,0,0,1,0,0,0
195,56265,0.9436316862762428,0.7620580921092238,1.514845755771558,0.2303821520080771,94,0,1,0,1,0,0,0,0,0,1,0,0,0,0,0,0,0,1,0,0,0,0,1,0,0,0,1,0,0,0
196,34915,0.8085444715765543,-1.3252442981053218,-0.547079264763307,0.7388117288534887,32,0,1,1,0,0,0,0,0,0,1,0,0,0,0,0,0,0,0,0,1,0,0,1,0,0,0,1,0,0,0
197,51859,0.6396854532019435,-0.03491191142723904,0.8011024794325662,0.2303821520080771,82,0,1,1,0,0,0,0,0,0,1,0,0,0,0,0,0,0,1,0,0,0,0,1,0,0,0,1,0,0,0
198,38307,1.5515241524248418,1.5590280956456868,1.7527601812178886,-1.6338596297584318,50,0,1,0,1,0,0,0,0,0,0,1,0,0,0,0,1,0,0,0,0,0,1,0,0,0,0,1,0,0,0
199,79461,1.1462625083257758,0.07894094622082709,-1.7366513919949598,-0.2780474248373344,38,0,1,1,0,0,0,0,0,0,0,0,1,0,0,0,0,0,0,0,1,0,0,1,0,0,0,1,0,0,0
200,83671,1.4502087414000753,-0.41442143692079275,-0.8642984986917478,0.39985867762321425,72,0,1,1,0,0,0,0,0,0,0,0,1,0,0,0,0,0,1,0,0,1,0,0,0,0,0,1,0,0,0
201,83847,1.0787189009759315,-0.2626176267233713,1.5941505642536682,0.7388117288534887,69,0,1,0,1,0,0,0,0,0,0,0,1,0,0,0,0,0,1,0,0,0,0,1,0,0,0,1,0,0,0
202,51298,0.977403489951165,-1.5909009659508093,-0.6263840732454172,-1.2949065785281575,98,0,1,1,0,0,0,0,0,0,0,0,1,0,0,0,0,0,1,0,0,1,0,0,0,0,0,1,0,0,0
203,57660,0.8423162752514763,0.1927938038688932,0.08735920309357448,1.2472413056989002,99,0,1,1,0,0,0,0,0,0,0,0,1,0,0,0,0,0,1,0,0,0,0,1,0,0,0,1,0,0,0
204,92187,0.8085444715765543,0.49640142426373624,-0.46777445628119685,0.5693352032383514,91,0,1,1,0,0,0,0,0,0,0,0,1,0,0,0,0,0,1,0,0,0,0,0,1,0,0,1,0,0,0
205,94281,-0.4747840680704876,0.8379599972079346,-0.0712504138706459,1.7556708825443117,29,0,1,1,0,0,0,0,0,0,0,0,0,1,0,0,0,1,0,0,0,0,0,1,0,0,0,1,0,0,0
206,18866,1.0111752936260872,-1.6668028710495202,-0.46777445628119685,1.5861943569291745,66,0,1,1,0,0,0,0,0,0,0,0,0,1,0,0,0,0,1,0,0,0,0,1,0,0,0,1,0,0,0
207,89964,-1.0489047305441643,0.7241071395598685,1.2769313303252274,1.4167178313140374,74,0,1,1,0,0,0,0,0,0,0,0,0,1,0,0,0,0,1,0,0,0,0,0,1,0,0,1,0,0,0
208,8847,-0.23838144234603256,0.5343523768130916,0.721797670950456,1.2472413056989002,98,0,1,0,1,0,0,0,0,0,0,0,0,1,0,0,0,0,1,0,0,0,0,0,1,0,0,1,0,0,0
209,57179,0.1668802017530333,-0.41442143692079275,0.9597120963967866,1.5861943569291745,61,0,1,0,1,0,0,0,0,0,0,0,0,1,0,0,0,0,1,0,0,0,0,1,0,0,0,1,0,0,0
210,42879,1.0449470973010093,0.11689189877018245,-0.7849936902096376,1.5861943569291745,81,0,1,1,0,0,0,0,0,0,0,0,0,1,0,0,1,0,0,0,0,0,0,1,0,0,0,1,0,0,0
211,55917,0.2681956127777998,0.8379599972079346,0.4838832455041255,1.4167178313140374,92,0,1,0,1,0,0,0,0,0,0,0,0,1,0,0,0,0,1,0,0,0,0,1,0,0,0,1,0,0,0
212,6129,-1.656797196692763,-0.8318819149637019,0.4045784370220153,-0.4475239504524716,85,1,0,0,1,0,1,0,0,0,0,0,0,0,0,0,0,0,0,1,0,0,0,1,0,0,0,0,1,0,0
213,37822,-1.0489047305441643,-1.249342393006611,-1.2608225411022986,-1.2949065785281575,41,1,0,1,0,0,1,0,0,0,0,0,0,0,1,0,0,0,0,0,0,1,0,0,0,0,0,0,1,0,0
214,52507,1.2813497230254645,1.9764885736885958,1.514845755771558,1.4167178313140374,56,1,0,1,0,0,1,0,0,0,0,0,0,0,0,1,0,0,0,0,0,0,1,0,0,0,0,0,1,0,0
215,62602,-1.7243408040426074,-0.9077838200624126,-0.547079264763307,0.39985867762321425,88,1,0,0,1,0,1,0,0,0,0,0,0,0,0,0,0,0,0,1,0,0,1,0,0,0,0,0,1,0,0
216,79665,0.6734572568768656,-0.07286286397659442,-0.46777445628119685,-0.6170004760676088,43,1,0,0,1,0,1,0,0,0,0,0,0,0,0,0,0,0,0,1,0,0,0,1,0,0,0,0,1,0,0
217,79739,1.382665134050231,-1.3631952506546772,1.118321713361007,1.2472413056989002,28,1,0,0,1,0,1,0,0,0,0,0,0,0,0,0,0,0,0,1,0,1,0,0,0,0,0,0,1,0,0
218,61301,0.13310839807811115,-0.3005685792727266,-1.419432158066519,0.5693352032383514,53,1,0,0,1,0,1,0,0,0,0,0,0,0,0,0,0,0,0,1,0,0,0,1,0,0,0,0,1,0,0
219,45875,-0.9813611231943199,-0.6421271522169251,1.2769313303252274,-1.2949065785281575,87,1,0,0,1,0,1,0,0,0,0,0,0,0,0,0,0,0,0,1,0,0,0,1,0,0,0,0,1,0,0
220,64210,-0.5760994790952542,-0.3005685792727266,0.8804072879146764,0.7388117288534887,67,1,0,0,1,0,1,0,0,0,0,0,0,0,0,0,0,0,0,1,0,0,0,1,0,0,0,0,1,0,0
221,68351,1.4164369377251531,0.45845047171438086,0.8804072879146764,-0.10857089922219726,31,1,0,1,0,0,1,0,0,0,0,0,0,0,0,0,1,0,0,0,0,1,0,0,0,0,0,0,1,0,0
222,33444,-0.03575062029649963,0.30664666151695935,-0.22986003083486628,-0.7864770016827459,59,1,0,0,1,0,1,0,0,0,0,0,0,0,0,0,0,0,0,1,0,1,0,0,0,0,0,0,1,0,0
223,63034,-0.10329422764634394,0.268695708967604,-1.6573465835128496,-0.9559535272978831,72,1,0,0,1,0,1,0,0,0,0,0,0,0,0,0,0,0,0,1,0,1,0,0,0,0,0,0,1,0,0
224,59265,1.4839805450749974,-0.8698328675130572,-0.943603307173858,0.06090562639293992,64,1,0,0,1,0,1,0,0,0,0,0,0,0,0,0,0,0,0,1,0,0,0,1,0,0,0,0,1,0,0
225,77274,-1.45416637464323,0.9518128548560008,-0.0712504138706459,-0.6170004760676088,74,1,0,0,1,0,1,0,0,0,0,0,0,0,0,0,0,0,0,1,0,0,1,0,0,0,0,0,1,0,0
226,77241,1.0787189009759315,0.0409899936714717,1.514845755771558,-1.4643831041432946,50,1,0,0,1,0,1,0,0,0,0,0,0,0,0,0,0,0,0,1,0,0,0,1,0,0,0,0,1,0,0
227,91634,-0.9475893195193978,-0.18671572162466055,-0.943603307173858,-1.4643831041432946,86,1,0,0,1,0,1,0,0,0,0,0,0,0,0,0,0,0,0,1,0,0,1,0,0,0,0,0,1,0,0
228,75839,1.3151215267003866,1.293371427800199,-1.1815177326201884,0.9082882544686258,60,1,0,1,0,0,1,0,0,0,0,0,0,0,0,0,0,1,0,0,0,0,0,1,0,0,0,0,1,0,0
229,28315,-0.6436430864450985,-0.8698328675130572,-0.8642984986917478,-1.4643831041432946,64,1,0,0,1,0,1,0,0,0,0,0,0,0,0,0,0,0,0,1,0,1,0,0,0,0,0,0,1,0,0
230,73560,-0.7449584974698649,-0.14876476907530517,0.08735920309357448,-0.6170004760676088,38,1,0,0,1,0,1,0,0,0,0,0,0,0,0,0,0,0,0,1,0,1,0,0,0,0,0,0,1,0,0
231,56133,0.9098598826013207,0.15484285131953782,-0.0712504138706459,1.2472413056989002,41,1,0,1,0,0,1,0,0,0,0,0,0,0,1,0,0,0,0,0,0,0,0,0,1,0,0,0,1,0,0
232,40177,-0.6098712827701763,-0.9836857251611234,-1.3401273495844088,1.2472413056989002,27,1,0,0,1,0,1,0,0,0,0,0,0,0,0,0,0,0,0,1,0,0,1,0,0,0,0,0,1,0,0
233,45799,0.06556479072826685,-0.22466667417401592,-1.419432158066519,1.2472413056989002,68,1,0,0,1,0,1,0,0,0,0,0,0,0,0,0,0,0,0,1,0,1,0,0,0,0,0,0,1,0,0
234,2628,-1.386622767293386,-1.5149990608520987,-1.4987369665486292,-1.2949065785281575,66,1,0,0,1,0,1,0,0,0,0,0,0,0,0,0,0,0,0,1,0,1,0,0,0,0,0,0,1,0,0
235,48266,1.4164369377251531,-0.6041761996675696,1.5941505642536682,-1.2949065785281575,69,1,0,0,1,0,1,0,0,0,0,0,0,0,0,0,0,0,0,1,0,0,0,1,0,0,0,0,1,0,0
236,63385,-1.6230253930178409,0.45845047171438086,0.4045784370220153,-0.6170004760676088,65,1,0,0,1,0,1,0,0,0,0,0,0,0,0,0,0,0,0,1,0,0,1,0,0,0,0,0,1,0,0
237,65807,1.5515241524248418,0.07894094622082709,0.08735920309357448,-0.7864770016827459,64,1,0,0,1,0,1,0,0,0,0,0,0,0,0,0,0,0,0,1,0,0,1,0,0,0,0,0,1,0,0
238,71857,-0.6774148901200205,-0.3764704843714374,-0.6263840732454172,-1.2949065785281575,84,1,0,0,1,0,1,0,0,0,0,0,0,0,0,0,0,0,0,1,0,0,1,0,0,0,0,0,1,0,0
239,84327,0.30196741645272196,0.07894094622082709,-1.022908115655968,-0.4475239504524716,37,1,0,0,1,0,1,0,0,0,0,0,0,0,0,0,0,0,0,1,0,1,0,0,0,0,0,0,1,0,0
240,3461,-0.10329422764634394,1.2174695227014882,0.5631880539862356,1.4167178313140374,30,1,0,0,1,0,1,0,0,0,0,0,0,0,0,0,0,0,0,1,0,0,1,0,0,0,0,0,1,0,0
241,22588,-0.339696853370799,-1.552950013401454,0.721797670950456,-0.4475239504524716,45,1,0,0,1,0,1,0,0,0,0,0,0,0,0,0,0,0,0,1,0,0,0,1,0,0,0,0,1,0,0
242,91218,-0.44101226439556546,-1.2113914404572557,-0.1505552223527561,0.5693352032383514,47,1,0,0,1,0,1,0,0,0,0,0,0,0,0,0,0,0,0,1,0,1,0,0,0,0,0,0,1,0,0
243,6850,-0.7111866937949427,0.572303329362447,0.4838832455041255,0.9082882544686258,71,1,0,0,1,0,1,0,0,0,0,0,0,0,0,0,0,0,0,1,0,0,1,0,0,0,0,0,1,0,0
244,57170,-0.8125021048197092,-0.5662252471182143,-0.943603307173858,1.4167178313140374,44,1,0,0,1,0,1,0,0,0,0,0,0,0,0,0,0,0,0,1,0,1,0,0,0,0,0,0,1,0,0
245,98302,1.3151215267003866,-1.3252442981053218,0.9597120963967866,-0.10857089922219726,88,1,0,1,0,0,1,0,0,0,0,0,0,0,0,0,0,0,0,1,0,0,1,0,0,0,0,0,1,0,0
246,86646,-0.9138175158444757,-0.9077838200624126,1.118321713361007,-1.4643831041432946,81,1,0,1,0,0,1,0,0,0,0,0,0,0,0,0,1,0,0,0,0,0,1,0,0,0,0,0,1,0,0
247,72153,-1.420394570968308,-0.22466667417401592,1.5941505642536682,-0.2780474248373344,87,1,0,0,1,0,1,0,0,0,0,0,0,0,0,0,0,0,0,1,0,0,1,0,0,0,0,0,1,0,0
248,90874,-0.6774148901200205,-1.0216366777104788,-0.46777445628119685,-0.9559535272978831,32,1,0,0,1,0,1,0,0,0,0,0,0,0,0,0,0,0,0,1,0,0,0,1,0,0,0,0,1,0,0
249,95180,1.4502087414000753,1.4451752379976206,-1.1022129241380783,1.4167178313140374,89,1,0,0,1,0,1,0,0,0,0,0,0,0,0,0,0,0,0,1,0,0,1,0,0,0,0,0,1,0,0
250,52179,-0.9813611231943199,0.49640142426373624,1.3562361388073376,-0.10857089922219726,39,1,0,0,1,0,1,0,0,0,0,0,0,0,0,0,0,0,0,1,0,0,0,1,0,0,0,0,1,0,0
251,33197,0.20065200542795547,-0.7939309624143466,0.8011024794325662,0.39985867762321425,70,1,0,0,1,0,1,0,0,0,0,0,0,0,0,0,0,0,0,1,0,1,0,0,0,0,0,0,1,0,0
252,84698,1.2813497230254645,0.8379599972079346,1.0390169048788969,1.4167178313140374,52,1,0,1,0,0,1,0,0,0,0,0,0,0,0,0,0,0,0,1,0,1,0,0,0,0,0,0,1,0,0
253,16399,-1.386622767293386,0.07894094622082709,-0.30916483931697647,-1.1254300529130203,74,1,0,0,1,0,1,0,0,0,0,0,0,0,0,0,0,0,0,1,0,0,0,1,0,0,0,0,1,0,0
254,34593,0.8085444715765543,1.065665712504067,1.3562361388073376,-0.7864770016827459,84,1,0,1,0,0,1,0,0,0,0,0,0,0,0,0,0,0,1,0,0,0,1,0,0,0,0,0,1,0,0
255,78792,1.382665134050231,0.3825485666156701,1.2769313303252274,1.2472413056989002,62,1,0,1,0,0,0,1,0,0,0,0,0,0,0,0,0,0,0,1,0,1,0,0,0,0,0,0,1,0,0
256,82546,-1.2177637489187751,-0.5662252471182143,0.16666401157568467,0.06090562639293992,89,1,0,1,0,0,0,1,0,0,0,0,0,0,0,0,0,0,1,0,0,1,0,0,0,0,0,0,1,0,0
257,17064,-0.2046096386711104,-0.4903233420195035,0.9597120963967866,-1.6338596297584318,33,1,0,1,0,0,0,0,1,0,0,0,0,0,0,0,1,0,0,0,0,0,0,1,0,0,0,0,1,0,0
258,15533,-0.9138175158444757,1.9385376211392404,0.721797670950456,-1.4643831041432946,55,1,0,1,0,0,0,0,0,1,0,0,0,0,0,1,0,0,0,0,0,0,0,0,1,0,0,0,1,0,0
259,21726,1.5515241524248418,1.5590280956456868,1.7527601812178886,1.4167178313140374,50,1,0,0,1,0,0,0,0,0,0,1,0,0,0,0,0,0,0,1,0,0,0,0,1,0,0,0,1,0,0
260,63813,1.5515241524248418,-1.0595876302598342,-1.1022129241380783,-1.4643831041432946,84,0,1,1,0,1,0,0,0,0,0,0,0,0,0,0,0,0,0,1,0,0,0,0,1,0,0,0,1,0,0
261,12076,-1.386622767293386,1.483126190546976,0.5631880539862356,-1.1254300529130203,58,0,1,1,0,0,1,0,0,0,0,0,0,0,0,0,0,1,0,0,0,0,0,1,0,0,0,0,1,0,0
262,29565,0.4032828274774884,-0.18671572162466055,-0.547079264763307,0.7388117288534887,38,0,1,0,1,0,1,0,0,0,0,0,0,0,0,0,0,0,0,1,0,1,0,0,0,0,0,0,1,0,0
263,65909,-1.420394570968308,0.4204995191650255,-1.6573465835128496,0.06090562639293992,66,0,1,0,1,0,1,0,0,0,0,0,0,0,0,0,0,0,0,1,0,0,0,1,0,0,0,0,1,0,0
264,65206,-1.7581126077175295,0.3825485666156701,0.8804072879146764,1.0777647800837629,33,0,1,0,1,0,1,0,0,0,0,0,0,0,0,0,0,0,0,1,0,0,0,1,0,0,0,0,1,0,0
265,93795,-1.2515355525936973,-0.07286286397659442,-0.0712504138706459,-0.9559535272978831,33,0,1,0,1,0,1,0,0,0,0,0,0,0,0,0,0,0,0,1,0,1,0,0,0,0,0,0,1,0,0
266,66852,0.8085444715765543,1.483126190546976,0.4838832455041255,-1.2949065785281575,27,0,1,0,1,0,1,0,0,0,0,0,0,0,0,0,0,0,0,1,0,0,0,1,0,0,0,0,1,0,0
267,49771,0.5721418458520992,-1.4011462032040325,-1.419432158066519,1.0777647800837629,61,0,1,0,1,0,1,0,0,0,0,0,0,0,0,0,0,0,0,1,0,1,0,0,0,0,0,0,1,0,0
268,42426,0.8423162752514763,1.3692733328989097,0.6424928624683458,-1.4643831041432946,67,0,1,0,1,0,1,0,0,0,0,0,0,0,0,0,0,0,0,1,0,0,1,0,0,0,0,0,1,0,0
269,29113,1.1124907046508536,0.11689189877018245,0.5631880539862356,-0.4475239504524716,76,0,1,0,1,0,1,0,0,0,0,0,0,0,0,0,0,0,0,1,0,0,1,0,0,0,0,0,1,0,0
270,38685,0.06556479072826685,-0.45237238947014813,-1.1815177326201884,0.2303821520080771,90,0,1,0,1,0,1,0,0,0,0,0,0,0,0,0,0,0,0,1,0,0,0,1,0,0,0,0,1,0,0
271,3052,0.7072290605517878,-0.07286286397659442,-0.7056888817275274,-1.6338596297584318,87,0,1,0,1,0,1,0,0,0,0,0,0,0,0,0,0,0,0,1,0,0,1,0,0,0,0,0,1,0,0
272,67690,0.1668802017530333,0.572303329362447,0.3252736285399051,0.9082882544686258,55,0,1,1,0,0,1,0,0,0,0,0,0,0,0,0,0,0,0,1,0,0,1,0,0,0,0,0,1,0,0
273,35580,-1.2515355525936973,-1.0216366777104788,-1.2608225411022986,1.2472413056989002,49,0,1,1,0,0,1,0,0,0,0,0,0,0,0,0,0,1,0,0,0,1,0,0,0,0,0,0,1,0,0
274,18944,0.7747726679016321,0.268695708967604,-0.8642984986917478,-0.7864770016827459,77,0,1,0,1,0,1,0,0,0,0,0,0,0,0,0,0,0,0,1,0,1,0,0,0,0,0,0,1,0,0
275,60497,-0.6098712827701763,-1.6668028710495202,-0.22986003083486628,0.2303821520080771,35,0,1,1,0,0,1,0,0,0,0,0,0,0,1,0,0,0,0,0,0,1,0,0,0,0,0,0,1,0,0
276,5676,-0.9138175158444757,1.065665712504067,1.0390169048788969,0.2303821520080771,72,0,1,0,1,0,1,0,0,0,0,0,0,0,0,0,0,0,0,1,0,0,0,1,0,0,0,0,1,0,0
277,60168,-0.6098712827701763,-1.0216366777104788,0.8011024794325662,-1.6338596297584318,49,0,1,1,0,0,1,0,0,0,0,0,0,0,0,0,0,0,0,1,0,0,0,0,1,0,0,0,1,0,0
278,21548,0.33573922012764407,-0.3764704843714374,-0.7056888817275274,-1.6338596297584318,55,0,1,0,1,0,1,0,0,0,0,0,0,0,0,0,0,0,0,1,0,1,0,0,0,0,0,0,1,0,0
279,99077,-1.6230253930178409,0.9897638074053561,-0.22986003083486628,1.2472413056989002,39,0,1,0,1,0,1,0,0,0,0,0,0,0,0,0,0,0,0,1,0,0,0,1,0,0,0,0,1,0,0
280,44107,1.3488933303753088,-1.6288519185001649,-1.022908115655968,-1.2949065785281575,89,0,1,1,0,0,1,0,0,0,0,0,0,0,0,0,0,0,0,0,1,0,0,0,1,0,0,0,1,0,0
281,95549,-0.06952242397142179,0.49640142426373624,-1.7366513919949598,1.2472413056989002,68,0,1,1,0,0,1,0,0,0,0,0,0,0,0,0,0,0,0,0,1,0,1,0,0,0,0,0,1,0,0
282,78181,-1.5892535893429187,-1.5149990608520987,1.1976265218431172,1.4167178313140374,37,0,1,0,1,0,1,0,0,0,0,0,0,0,0,0,0,0,0,1,0,0,0,1,0,0,0,0,1,0,0
283,74370,0.13310839807811115,-1.6668028710495202,-1.2608225411022986,-0.7864770016827459,40,0,1,0,1,0,1,0,0,0,0,0,0,0,0,0,0,0,0,1,0,0,0,1,0,0,0,0,1,0,0
284,58576,-0.10329422764634394,-0.8698328675130572,0.5631880539862356,-0.6170004760676088,73,0,1,0,1,0,1,0,0,0,0,0,0,0,0,0,0,0,0,1,0,0,1,0,0,0,0,0,1,0,0
285,48482,0.5721418458520992,0.5343523768130916,-1.1022129241380783,-0.6170004760676088,41,0,1,0,1,0,1,0,0,0,0,0,0,0,0,0,0,0,0,1,0,1,0,0,0,0,0,0,1,0,0
286,19273,-0.10329422764634394,0.11689189877018245,-0.943603307173858,0.39985867762321425,91,0,1,0,1,0,1,0,0,0,0,0,0,0,0,0,0,0,0,1,0,1,0,0,0,0,0,0,1,0,0
287,27117,-0.23838144234603256,0.11689189877018245,0.9597120963967866,0.7388117288534887,55,0,1,0,1,0,1,0,0,0,0,0,0,0,0,0,0,0,0,1,0,0,1,0,0,0,0,0,1,0,0
288,32230,0.7072290605517878,2.090341431336662,-1.4987369665486292,-0.10857089922219726,64,0,1,1,0,0,1,0,0,0,0,0,0,0,0,1,0,0,0,0,0,0,1,0,0,0,0,0,1,0,0
289,99132,-0.5085558717454098,-0.1108138165259498,1.5941505642536682,0.9082882544686258,75,0,1,0,1,0,1,0,0,0,0,0,0,0,0,0,0,0,0,1,0,1,0,0,0,0,0,0,1,0,0
290,22018,-1.183991945243853,-1.4770481083027434,-0.1505552223527561,1.4167178313140374,57,0,1,0,1,0,1,0,0,0,0,0,0,0,0,0,0,0,0,1,0,0,0,1,0,0,0,0,1,0,0
291,96933,-1.420394570968308,-0.22466667417401592,0.3252736285399051,1.2472413056989002,84,0,1,0,1,0,1,0,0,0,0,0,0,0,0,0,0,0,0,1,0,0,1,0,0,0,0,0,1,0,0
292,92463,1.0111752936260872,-0.945734772611768,1.118321713361007,1.0777647800837629,32,0,1,0,1,0,1,0,0,0,0,0,0,0,0,0,0,0,0,1,0,0,1,0,0,0,0,0,1,0,0
293,83784,0.43705463115241056,-1.0216366777104788,-0.7056888817275274,0.5693352032383514,88,0,1,0,1,0,1,0,0,0,0,0,0,0,0,0,0,0,0,1,0,0,0,1,0,0,0,0,1,0,0
294,75477,-1.6230253930178409,-1.6288519185001649,-0.8642984986917478,-1.6338596297584318,80,0,1,0,1,0,1,0,0,0,0,0,0,0,0,0,0,0,0,1,0,0,1,0,0,0,0,0,1,0,0
295,89342,-0.9475893195193978,0.6861561870105131,0.4838832455041255,0.06090562639293992,32,0,1,0,1,0,1,0,0,0,0,0,0,0,0,0,0,0,0,1,0,1,0,0,0,0,0,0,1,0,0
296,11566,0.33573922012764407,0.9518128548560008,0.3252736285399051,1.0777647800837629,91,0,1,0,1,0,1,0,0,0,0,0,0,0,0,0,0,0,0,1,0,0,1,0,0,0,0,0,1,0,0
297,54062,-1.4879381783181522,1.1036166650534223,-1.5780417750307394,0.9082882544686258,44,0,1,0,1,0,1,0,0,0,0,0,0,0,0,0,0,0,0,1,0,1,0,0,0,0,0,0,1,0,0
298,57162,1.5177523487499196,0.5343523768130916,-1.1815177326201884,0.5693352032383514,85,0,1,1,0,0,1,0,0,0,0,0,0,0,0,0,0,0,1,0,0,0,0,1,0,0,0,0,1,0,0
299,50770,-1.5217099819930744,0.572303329362447,1.1976265218431172,-1.6338596297584318,79,0,1,0,1,0,1,0,0,0,0,0,0,0,0,0,0,0,0,1,0,1,0,0,0,0,0,0,1,0,0
300,58149,-1.386622767293386,0.87591094975729,-0.943603307173858,-1.1254300529130203,86,0,1,0,1,0,1,0,0,0,0,0,0,0,0,0,0,0,0,1,0,0,1,0,0,0,0,0,1,0,0
301,30208,-1.5892535893429187,-0.03491191142723904,0.5631880539862356,1.0777647800837629,28,0,1,1,0,0,1,0,0,0,0,0,0,0,0,0,0,0,0,1,0,0,1,0,0,0,0,0,1,0,0
302,95192,1.3151215267003866,0.8379599972079346,-1.022908115655968,0.39985867762321425,64,0,1,0,1,0,1,0,0,0,0,0,0,0,0,0,0,0,0,1,0,0,0,1,0,0,0,0,1,0,0
303,63649,-1.2853073562686195,-0.1108138165259498,-1.1022129241380783,0.7388117288534887,55,0,1,0,1,0,1,0,0,0,0,0,0,0,0,0,0,0,0,1,0,1,0,0,0,0,0,0,1,0,0
304,27749,-0.6436430864450985,1.1415676176027776,0.5631880539862356,0.9082882544686258,92,0,1,1,0,0,0,0,0,0,1,0,0,0,0,0,0,0,1,0,0,1,0,0,0,0,0,0,1,0,0
305,26200,-0.03575062029649963,-1.249342393006611,1.2769313303252274,-1.6338596297584318,40,0,1,1,0,0,0,0,0,0,1,0,0,0,0,0,0,1,0,0,0,0,0,1,0,0,0,0,1,0,0
306,88981,1.5515241524248418,1.5590280956456868,1.7527601812178886,0.06090562639293992,50,0,1,1,0,0,0,0,0,0,0,1,0,0,0,0,0,0,1,0,0,0,0,1,0,0,0,0,1,0,0
307,40795,1.5515241524248418,0.15484285131953782,0.008054394611464292,1.2472413056989002,72,0,1,1,0,0,0,0,0,0,0,0,1,0,1,0,0,0,0,0,0,0,0,1,0,0,0,0,1,0,0
308,12471,-0.5085558717454098,-1.6668028710495202,0.9597120963967866,1.7556708825443117,67,0,1,1,0,0,0,0,0,0,0,0,0,1,0,0,1,0,0,0,0,0,0,1,0,0,0,0,1,0,0
309,54996,0.9098598826013207,-0.4903233420195035,-0.943603307173858,1.4167178313140374,30,0,1,1,0,0,0,0,0,0,0,0,0,1,0,0,0,0,0,0,1,0,0,0,1,0,0,0,1,0,0
310,5993,-1.0826765342190865,-0.41442143692079275,-0.30916483931697647,-0.4475239504524716,39,1,0,1,0,0,1,0,0,0,0,0,0,0,0,0,0,0,0,0,1,0,0,0,1,0,0,0,0,1,0
311,46770,0.977403489951165,1.179518570152133,0.4838832455041255,-0.9559535272978831,35,1,0,1,0,0,0,1,0,0,0,0,0,0,0,0,0,0,0,0,1,0,0,0,1,0,0,0,0,1,0
312,50016,-0.7449584974698649,0.6102542819118023,1.1976265218431172,-1.1254300529130203,71,1,0,1,0,0,0,1,0,0,0,0,0,0,0,0,1,0,0,0,0,0,0,0,1,0,0,0,0,1,0
313,38747,0.8423162752514763,-0.8698328675130572,0.4045784370220153,-1.4643831041432946,87,1,0,1,0,0,0,0,1,0,0,0,0,0,0,0,0,0,1,0,0,0,0,0,1,0,0,0,0,1,0
314,47409,0.43705463115241056,-1.0216366777104788,1.3562361388073376,0.7388117288534887,65,1,0,1,0,0,0,0,0,1,0,0,0,0,1,0,0,0,0,0,0,0,0,0,1,0,0,0,0,1,0
315,13014,0.9436316862762428,-1.3631952506546772,1.911369798182109,1.0777647800837629,52,1,0,1,0,0,0,0,0,0,1,0,0,0,0,0,0,0,0,1,0,0,0,0,1,0,0,0,0,1,0
316,70757,1.5515241524248418,1.5590280956456868,1.7527601812178886,1.4167178313140374,50,1,0,1,0,0,0,0,0,0,0,1,0,0,1,0,0,0,0,0,0,1,0,0,0,0,0,0,0,1,0
317,13719,1.5515241524248418,1.5590280956456868,1.7527601812178886,0.06090562639293992,50,1,0,1,0,0,0,0,0,0,0,1,0,0,0,0,0,0,0,0,1,0,1,0,0,0,0,0,0,1,0
318,53693,0.6734572568768656,0.268695708967604,-1.1815177326201884,0.2303821520080771,42,1,0,1,0,0,0,0,0,0,0,0,1,0,0,0,0,1,0,0,0,0,0,0,1,0,0,0,0,1,0
319,20097,0.5383700421771771,1.3692733328989097,0.24596882005779486,1.4167178313140374,51,1,0,0,1,0,0,0,0,0,0,0,0,1,0,1,0,0,0,0,0,0,0,0,1,0,0,0,0,1,0
320,87423,-0.9475893195193978,-0.8698328675130572,-1.1815177326201884,0.5693352032383514,26,0,1,1,0,1,0,0,0,0,0,0,0,0,0,0,0,0,0,0,1,0,0,0,1,0,0,0,0,1,0
321,26772,-1.2515355525936973,0.9138619023066453,0.8011024794325662,1.0777647800837629,28,0,1,1,0,1,0,0,0,0,0,0,0,0,0,0,0,0,0,0,1,0,0,0,1,0,0,0,0,1,0
322,49249,1.1462625083257758,-0.8318819149637019,-0.1505552223527561,-1.1254300529130203,43,0,1,1,0,1,0,0,0,0,0,0,0,0,0,0,0,0,0,0,1,0,0,0,1,0,0,0,0,1,0
323,5637,0.7747726679016321,0.11689189877018245,-1.1022129241380783,1.2472413056989002,42,0,1,1,0,1,0,0,0,0,0,0,0,0,0,0,0,0,0,0,1,0,0,0,1,0,0,0,0,1,0
324,89578,-0.40724046072064335,0.0409899936714717,-1.3401273495844088,-0.2780474248373344,31,0,1,1,0,1,0,0,0,0,0,0,0,0,0,0,0,0,0,0,1,0,0,0,1,0,0,0,0,1,0
325,62151,0.9098598826013207,1.2174695227014882,0.8011024794325662,-0.2780474248373344,42,0,1,1,0,1,0,0,0,0,0,0,0,0,0,0,0,0,0,0,1,0,0,1,0,0,0,0,0,1,0
326,80493,-1.0489047305441643,0.6102542819118023,-0.1505552223527561,0.7388117288534887,27,0,1,1,0,1,0,0,0,0,0,0,0,0,0,0,0,0,0,0,1,0,0,0,1,0,0,0,0,1,0
327,34512,0.36951102380256623,-0.338519531822082,1.0390169048788969,-1.1254300529130203,34,0,1,1,0,1,0,0,0,0,0,0,0,0,0,0,0,0,0,0,1,0,0,0,1,0,0,0,0,1,0
328,95394,0.4032828274774884,0.23074475641824857,0.16666401157568467,0.06090562639293992,26,0,1,1,0,1,0,0,0,0,0,0,0,0,0,0,0,0,0,0,1,0,0,0,1,0,0,0,0,1,0
329,66023,-1.3528509636184638,-0.4903233420195035,0.6424928624683458,0.9082882544686258,44,0,1,1,0,1,0,0,0,0,0,0,0,0,0,0,0,0,0,0,1,0,0,0,1,0,0,0,0,1,0
330,53403,-0.44101226439556546,0.6861561870105131,1.3562361388073376,0.9082882544686258,22,0,1,1,0,1,0,0,0,0,0,0,0,0,0,0,0,0,0,0,1,0,0,0,1,0,0,0,0,1,0
331,53856,1.0787189009759315,-0.22466667417401592,-0.30916483931697647,-0.4475239504524716,26,0,1,1,0,1,0,0,0,0,0,0,0,0,0,0,0,0,0,0,1,0,0,0,1,0,0,0,0,1,0
332,91399,-1.7581126077175295,1.1036166650534223,0.08735920309357448,-1.2949065785281575,39,0,1,1,0,1,0,0,0,0,0,0,0,0,0,0,0,0,0,0,1,0,0,0,1,0,0,0,0,1,0
333,43485,0.33573922012764407,0.8379599972079346,0.24596882005779486,1.0777647800837629,23,0,1,1,0,0,1,0,0,0,0,0,0,0,0,0,0,0,0,0,1,0,0,0,1,0,0,0,0,1,0
334,2374,0.5045982385022549,-1.3631952506546772,1.2769313303252274,0.7388117288534887,30,0,1,1,0,0,1,0,0,0,0,0,0,0,0,0,0,0,0,0,1,0,0,0,1,0,0,0,0,1,0
335,72400,1.4502087414000753,-1.552950013401454,0.16666401157568467,0.7388117288534887,44,0,1,1,0,0,1,0,0,0,0,0,0,0,0,0,0,0,0,0,1,0,0,0,1,0,0,0,0,1,0
336,47452,-0.44101226439556546,-1.1734404879079003,-1.7366513919949598,-1.1254300529130203,40,0,1,1,0,0,1,0,0,0,0,0,0,0,0,0,0,0,0,0,1,0,0,0,1,0,0,0,0,1,0
337,69437,-0.778730301144787,-0.3005685792727266,0.4838832455041255,-0.10857089922219726,31,0,1,1,0,0,1,0,0,0,0,0,0,0,0,0,0,0,0,0,1,0,1,0,0,0,0,0,0,1,0
338,33420,-1.420394570968308,-0.7939309624143466,-0.943603307173858,1.0777647800837629,41,0,1,1,0,0,1,0,0,0,0,0,0,0,0,0,0,0,0,0,1,0,0,0,1,0,0,0,0,1,0
339,52099,-1.7243408040426074,1.0277147599547114,-1.419432158066519,-1.6338596297584318,29,0,1,1,0,0,1,0,0,0,0,0,0,0,0,0,0,0,0,0,1,0,0,0,1,0,0,0,0,1,0
340,39907,-1.3190791599435416,-0.2626176267233713,-0.943603307173858,-1.2949065785281575,27,0,1,1,0,0,1,0,0,0,0,0,0,0,0,0,0,0,0,0,1,1,0,0,0,0,0,0,0,1,0
341,40166,-0.5760994790952542,1.065665712504067,-0.7056888817275274,-1.2949065785281575,21,0,1,1,0,0,1,0,0,0,0,0,0,0,0,0,0,0,0,0,1,0,0,0,1,0,0,0,0,1,0
342,65081,0.5383700421771771,-1.4390971557533878,-0.22986003083486628,0.9082882544686258,20,0,1,1,0,0,1,0,0,0,0,0,0,0,0,0,0,0,0,0,1,0,0,0,1,0,0,0,0,1,0
343,94684,-0.7111866937949427,1.3692733328989097,-1.4987369665486292,1.2472413056989002,34,0,1,1,0,0,1,0,0,0,0,0,0,0,0,0,0,0,0,0,1,0,0,0,1,0,0,0,0,1,0
344,72217,1.0111752936260872,-1.5149990608520987,1.3562361388073376,-1.2949065785281575,35,0,1,1,0,0,1,0,0,0,0,0,0,0,0,0,0,0,0,0,1,0,0,0,1,0,0,0,0,1,0
345,45220,0.8760880789263985,1.3313223803495544,-1.1022129241380783,-1.1254300529130203,40,0,1,0,1,0,0,1,0,0,0,0,0,0,0,0,0,0,0,0,1,0,0,0,1,0,0,0,0,1,0
346,99439,-1.2515355525936973,0.9897638074053561,-0.6263840732454172,0.7388117288534887,22,0,1,1,0,0,0,1,0,0,0,0,0,0,0,0,0,0,0,0,1,0,0,0,1,0,0,0,0,1,0
347,96173,-1.6905690003676852,0.7620580921092238,1.3562361388073376,0.06090562639293992,37,0,1,1,0,0,0,1,0,0,0,0,0,0,0,0,0,0,0,0,1,0,0,0,1,0,0,0,0,1,0
348,69815,-0.9813611231943199,-0.8318819149637019,0.08735920309357448,-0.4475239504524716,44,0,1,1,0,0,0,1,0,0,0,0,0,0,0,0,0,0,0,0,1,0,0,0,1,0,0,0,0,1,0
349,63901,-0.6098712827701763,0.7620580921092238,0.5631880539862356,1.0777647800837629,21,0,1,1,0,0,0,1,0,0,0,0,0,0,0,0,0,0,0,0,1,0,0,0,1,0,0,0,0,1,0
350,12586,-0.6436430864450985,0.9138619023066453,-0.547079264763307,0.2303821520080771,44,0,1,1,0,0,0,1,0,0,0,0,0,0,0,0,0,0,0,0,1,0,0,0,1,0,0,0,0,1,0
351,78217,-0.2046096386711104,-1.249342393006611,-0.0712504138706459,0.5693352032383514,34,0,1,1,0,0,0,1,0,0,0,0,0,0,0,0,0,0,0,0,1,1,0,0,0,0,0,0,0,1,0
352,92645,-1.2177637489187751,1.483126190546976,-0.46777445628119685,-1.1254300529130203,24,0,1,1,0,0,0,1,0,0,0,0,0,0,0,0,0,0,0,0,1,0,0,0,1,0,0,0,0,1,0
353,68494,-0.9475893195193978,-1.552950013401454,-0.547079264763307,0.39985867762321425,44,0,1,1,0,0,0,1,0,0,0,0,0,0,0,0,0,0,0,0,1,0,0,0,1,0,0,0,0,1,0
354,81425,-1.4879381783181522,-0.5282742945688589,1.0390169048788969,-1.1254300529130203,99,0,1,1,0,0,0,1,0,0,0,0,0,0,0,0,0,0,0,1,0,0,0,0,1,0,0,0,0,1,0
355,14442,-1.45416637464323,-0.8698328675130572,-0.943603307173858,-1.6338596297584318,38,0,1,1,0,0,0,0,1,0,0,0,0,0,0,0,0,0,0,0,1,0,0,0,1,0,0,0,0,1,0
356,60408,1.4839805450749974,0.4204995191650255,0.6424928624683458,0.06090562639293992,39,0,1,1,0,0,0,0,1,0,0,0,0,0,0,0,0,0,0,0,1,0,0,0,1,0,0,0,0,1,0
357,21666,-1.45416637464323,-1.0595876302598342,0.6424928624683458,-1.6338596297584318,30,0,1,1,0,0,0,0,1,0,0,0,0,0,0,0,0,0,0,0,1,0,0,0,1,0,0,0,0,1,0
358,17147,-1.183991945243853,-1.1354895353585448,-0.38846964779908666,0.7388117288534887,35,0,1,1,0,0,0,0,1,0,0,0,0,0,0,0,0,0,0,0,1,0,0,0,1,0,0,0,0,1,0
359,25792,1.3488933303753088,1.293371427800199,0.16666401157568467,0.9082882544686258,42,0,1,1,0,0,0,0,1,0,0,0,0,0,0,0,0,0,0,0,1,0,0,0,1,0,0,0,0,1,0
360,65860,1.4839805450749974,-1.0975385828091895,-1.6573465835128496,-0.9559535272978831,40,0,1,1,0,0,0,0,1,0,0,0,0,0,0,0,0,0,0,0,1,0,0,1,0,0,0,0,0,1,0
361,41758,-1.183991945243853,1.2174695227014882,0.5631880539862356,-0.6170004760676088,39,0,1,1,0,0,0,0,1,0,0,0,0,0,0,0,0,0,0,0,1,0,0,0,1,0,0,0,0,1,0
362,40541,-1.386622767293386,0.6482052344611577,-0.22986003083486628,1.0777647800837629,21,0,1,1,0,0,0,0,1,0,0,0,0,0,0,0,0,0,0,0,1,0,0,0,1,0,0,0,0,1,0
363,43260,1.2475779193505423,-0.8318819149637019,-0.6263840732454172,-1.4643831041432946,36,0,1,1,0,0,0,0,1,0,0,0,0,0,0,0,0,0,0,0,1,0,1,0,0,0,0,0,0,1,0
364,43090,-0.7449584974698649,0.07894094622082709,0.08735920309357448,-1.6338596297584318,28,0,1,1,0,0,0,0,1,0,0,0,0,0,0,0,0,0,0,0,1,0,0,0,1,0,0,0,0,1,0
365,1606,0.5721418458520992,-0.7939309624143466,-0.547079264763307,0.7388117288534887,34,0,1,1,0,0,0,0,1,0,0,0,0,0,0,0,0,0,0,0,1,0,0,0,1,0,0,0,0,1,0
366,83922,0.7747726679016321,0.6482052344611577,0.8011024794325662,-1.2949065785281575,44,0,1,1,0,0,0,0,1,0,0,0,0,0,0,0,0,0,0,0,1,0,0,0,1,0,0,0,0,1,0
367,8660,-1.7918844113924517,-1.5149990608520987,1.118321713361007,1.4167178313140374,26,0,1,1,0,0,0,0,0,1,0,0,0,0,0,0,0,0,0,0,1,1,0,0,0,0,0,0,0,1,0
368,85646,-0.00197881662157747,-1.6668028710495202,-0.30916483931697647,0.2303821520080771,39,0,1,1,0,0,0,0,0,1,0,0,0,0,0,0,0,0,0,0,1,0,0,0,1,0,0,0,0,1,0
369,14734,-0.8125021048197092,-1.2872933455559663,-0.943603307173858,-0.10857089922219726,31,0,1,1,0,0,0,0,0,1,0,0,0,0,0,0,0,0,0,0,1,0,0,0,1,0,0,0,0,1,0
370,68805,1.0111752936260872,-0.14876476907530517,1.3562361388073376,0.5693352032383514,38,0,1,1,0,0,0,0,0,1,0,0,0,0,0,0,0,0,0,0,1,0,0,0,1,0,0,0,0,1,0
371,92782,-0.1370660313212661,-1.1354895353585448,-1.419432158066519,0.7388117288534887,28,0,1,1,0,0,0,0,0,1,0,0,0,0,0,0,0,0,0,0,1,0,0,0,1,0,0,0,0,1,0
372,41481,-0.06952242397142179,1.1036166650534223,-0.7849936902096376,-1.6338596297584318,35,0,1,1,0,0,0,0,0,1,0,0,0,0,0,0,0,0,0,0,1,0,0,0,1,0,0,0,0,1,0
373,20550,0.7747726679016321,-1.6288519185001649,0.4838832455041255,-1.4643831041432946,34,0,1,1,0,0,0,0,0,1,0,0,0,0,0,0,0,0,0,0,1,0,0,0,1,0,0,0,0,1,0
374,47495,-1.5554817856679966,1.3313223803495544,-0.943603307173858,1.0777647800837629,22,0,1,1,0,0,0,0,0,1,0,0,0,0,0,0,0,0,0,0,1,0,0,0,1,0,0,0,0,1,0
375,10111,0.2681956127777998,1.293371427800199,-0.1505552223527561,0.39985867762321425,39,0,1,1,0,0,0,0,0,1,0,0,0,0,0,0,0,0,0,0,1,0,0,0,1,0,0,0,0,1,0
376,21666,-0.5760994790952542,-1.3631952506546772,-0.547079264763307,0.39985867762321425,43,0,1,1,0,0,0,0,0,1,0,0,0,0,0,0,0,0,0,0,1,0,0,0,1,0,0,0,0,1,0
377,79941,0.06556479072826685,-0.6800781047662804,-1.1022129241380783,-0.10857089922219726,23,0,1,1,0,0,0,0,0,1,0,0,0,0,0,0,0,0,0,0,1,0,0,0,1,0,0,0,0,1,0
378,35083,1.2138061156756201,-0.03491191142723904,1.7527601812178886,0.39985867762321425,43,0,1,1,0,0,0,0,0,0,1,0,0,0,0,0,0,0,0,0,1,0,0,0,1,0,0,0,0,1,0
379,46197,0.20065200542795547,1.293371427800199,1.514845755771558,-0.9559535272978831,33,0,1,1,0,0,0,0,0,0,1,0,0,0,0,0,0,0,0,0,1,0,0,0,1,0,0,0,0,1,0
380,63348,-0.23838144234603256,0.23074475641824857,1.6734553727357784,-0.2780474248373344,33,0,1,1,0,0,0,0,0,0,1,0,0,0,0,0,0,0,0,0,1,0,0,0,1,0,0,0,0,1,0
381,53648,-1.5217099819930744,1.179518570152133,2.1492842236284395,0.7388117288534887,42,0,1,1,0,0,0,0,0,0,1,0,0,0,0,0,0,0,0,0,1,0,0,0,1,0,0,0,0,1,0
382,82654,0.4032828274774884,-0.338519531822082,1.8320649896999988,-1.1254300529130203,32,0,1,1,0,0,0,0,0,0,1,0,0,0,0,0,0,0,0,0,1,0,0,0,1,0,0,0,0,1,0
383,59927,-0.2046096386711104,-0.5662252471182143,1.514845755771558,0.7388117288534887,26,0,1,1,0,0,0,0,0,0,1,0,0,0,0,0,0,0,0,0,1,0,1,0,0,0,0,0,0,1,0
384,1749,-1.7243408040426074,-1.249342393006611,2.0699794151463293,0.06090562639293992,31,0,1,1,0,0,0,0,0,0,1,0,0,0,0,0,0,0,0,0,1,0,0,0,1,0,0,0,0,1,0
385,79705,-1.45416637464323,-0.9836857251611234,1.4355409472894478,1.4167178313140374,44,0,1,1,0,0,0,0,0,0,1,0,0,0,0,0,0,0,0,0,1,0,0,0,1,0,0,0,0,1,0
386,1265,0.1668802017530333,0.572303329362447,2.0699794151463293,0.7388117288534887,43,0,1,0,1,0,0,0,0,0,1,0,0,0,0,0,0,0,0,0,1,0,0,1,0,0,0,0,0,1,0
387,70000,0.06556479072826685,-0.8698328675130572,1.514845755771558,-1.2949065785281575,34,0,1,1,0,0,0,0,0,0,1,0,0,0,0,0,0,0,0,0,1,0,0,0,1,0,0,0,0,1,0
388,66243,-0.6436430864450985,1.065665712504067,1.6734553727357784,1.0777647800837629,44,0,1,1,0,0,0,0,0,0,1,0,0,0,0,0,0,0,0,0,1,0,0,0,1,0,0,0,0,1,0
389,5807,-0.23838144234603256,1.4451752379976206,1.3562361388073376,0.2303821520080771,42,0,1,1,0,0,0,0,0,0,1,0,0,0,0,0,0,0,0,0,1,0,0,0,1,0,0,0,0,1,0
390,86536,1.4164369377251531,0.6102542819118023,0.08735920309357448,-0.10857089922219726,37,0,1,1,0,0,0,0,0,0,0,0,1,0,0,0,0,0,0,0,1,0,0,0,1,0,0,0,0,1,0
391,10738,0.8085444715765543,1.1036166650534223,-0.22986003083486628,-0.9559535272978831,21,0,1,1,0,0,0,0,0,0,0,0,1,0,0,0,0,0,0,0,1,0,0,0,1,0,0,0,0,1,0
392,85078,1.180034312000698,0.9138619023066453,-1.3401273495844088,-0.6170004760676088,35,0,1,1,0,0,0,0,0,0,0,0,1,0,0,0,0,0,0,0,1,0,0,0,1,0,0,0,0,1,0
393,77118,1.4839805450749974,-0.9077838200624126,-1.1022129241380783,-1.6338596297584318,25,0,1,1,0,0,0,0,0,0,0,0,1,0,0,0,0,0,0,0,1,0,0,0,1,0,0,0,0,1,0
394,29442,1.3151215267003866,1.3313223803495544,-1.419432158066519,0.2303821520080771,30,0,1,1,0,0,0,0,0,0,0,0,1,0,0,0,0,0,0,0,1,0,0,0,1,0,0,0,0,1,0
395,11168,0.7747726679016321,1.3692733328989097,0.721797670950456,-0.7864770016827459,28,0,1,1,0,0,0,0,0,0,0,0,1,0,0,0,0,0,0,0,1,0,0,0,1,0,0,0,0,1,0
396,85895,0.9436316862762428,-1.1354895353585448,1.2769313303252274,1.0777647800837629,43,0,1,1,0,0,0,0,0,0,0,0,1,0,0,0,0,0,0,0,1,0,0,1,0,0,0,0,0,1,0
397,45126,1.5177523487499196,0.1927938038688932,-1.4987369665486292,1.0777647800837629,32,0,1,1,0,0,0,0,0,0,0,0,1,0,0,0,0,0,0,0,1,0,0,0,1,0,0,0,0,1,0
398,31997,0.977403489951165,-1.5909009659508093,-0.30916483931697647,-0.4475239504524716,31,0,1,1,0,0,0,0,0,0,0,0,1,0,0,0,0,0,0,0,1,0,0,0,1,0,0,0,0,1,0
399,17384,1.4502087414000753,0.3825485666156701,-0.22986003083486628,-1.6338596297584318,40,0,1,1,0,0,0,0,0,0,0,0,1,0,0,0,0,0,0,0,1,0,0,0,1,0,0,0,0,1,0
400,34506,1.0787189009759315,1.2554204752508438,-0.547079264763307,-0.7864770016827459,25,0,1,1,0,0,0,0,0,0,0,0,1,0,0,0,0,0,0,0,1,0,0,0,1,0,0,0,0,1,0
401,57489,-0.9475893195193978,1.1415676176027776,0.721797670950456,1.5861943569291745,37,0,1,1,0,0,0,0,0,0,0,0,0,1,0,0,0,0,0,0,1,0,0,0,1,0,0,0,0,1,0
402,1042,-0.6774148901200205,0.5343523768130916,-0.8642984986917478,1.5861943569291745,40,0,1,1,0,0,0,0,0,0,0,0,0,1,0,0,0,0,0,0,1,0,0,0,1,0,0,0,0,1,0
403,15691,1.0111752936260872,0.49640142426373624,-0.943603307173858,1.4167178313140374,41,0,1,1,0,0,0,0,0,0,0,0,0,1,0,0,0,0,0,0,1,0,0,0,1,0,0,0,0,1,0
404,18441,-0.1370660313212661,-0.945734772611768,0.4045784370220153,1.5861943569291745,19,0,1,1,0,0,0,0,0,0,0,0,0,1,0,0,0,0,0,0,1,0,0,0,1,0,0,0,0,1,0
405,75417,0.06556479072826685,1.4072242854482653,0.008054394611464292,1.7556708825443117,44,0,1,1,0,0,0,0,0,0,0,0,0,1,0,0,0,0,0,0,1,0,0,0,1,0,0,0,0,1,0
406,52222,0.8085444715765543,-0.5662252471182143,-0.1505552223527561,1.5861943569291745,29,0,1,1,0,0,0,0,0,0,0,0,0,1,0,0,0,0,0,0,1,0,0,0,1,0,0,0,0,1,0
407,42002,0.20065200542795547,-1.6288519185001649,1.118321713361007,1.5861943569291745,31,0,1,1,0,0,0,0,0,0,0,0,0,1,0,0,0,0,0,0,1,0,1,0,0,0,0,0,0,1,0
408,78963,-1.6230253930178409,-1.6668028710495202,0.8804072879146764,1.7556708825443117,33,0,1,1,0,0,0,0,0,0,0,0,0,1,0,0,0,0,0,0,1,0,0,0,1,0,0,0,0,1,0
409,41707,0.8085444715765543,-0.14876476907530517,0.008054394611464292,1.4167178313140374,21,0,1,1,0,0,0,0,0,0,0,0,0,1,0,0,0,0,0,0,1,1,0,0,0,0,0,0,0,1,0
410,47271,-0.4747840680704876,-0.4903233420195035,0.24596882005779486,1.7556708825443117,37,0,1,1,0,0,0,0,0,0,0,0,0,1,0,0,0,0,0,0,1,0,0,0,1,0,0,0,0,1,0
411,32563,-1.7243408040426074,-0.3005685792727266,-0.1505552223527561,1.2472413056989002,44,0,1,1,0,0,0,0,0,0,0,0,0,1,0,0,0,0,0,0,1,0,0,0,1,0,0,0,0,1,0
412,33206,-1.2853073562686195,-0.9836857251611234,1.0390169048788969,1.5861943569291745,24,0,1,1,0,0,0,0,0,0,0,0,0,1,0,0,0,0,0,0,1,0,0,0,1,0,0,0,0,1,0
413,58234,0.5721418458520992,-0.4903233420195035,1.1976265218431172,-1.4643831041432946,43,1,0,1,0,1,0,0,0,0,0,0,0,0,0,0,0,1,0,0,0,0,0,0,1,0,0,0,0,0,1
414,68928,1.4502087414000753,0.8000090446585792,-1.7366513919949598,0.39985867762321425,71,1,0,0,1,1,0,0,0,0,0,0,0,0,0,0,0,1,0,0,0,0,0,0,1,0,0,0,0,0,1
415,68407,1.0111752936260872,-1.0216366777104788,0.3252736285399051,-0.6170004760676088,52,1,0,1,0,1,0,0,0,0,0,0,0,0,0,0,0,1,0,0,0,0,0,0,1,0,0,0,0,0,1
416,42940,1.5177523487499196,-0.07286286397659442,-0.1505552223527561,-1.6338596297584318,73,1,0,1,0,1,0,0,0,0,0,0,0,0,0,0,0,1,0,0,0,0,0,0,1,0,0,0,0,0,1
417,83645,-0.40724046072064335,-0.3005685792727266,1.4355409472894478,-1.1254300529130203,36,1,0,0,1,1,0,0,0,0,0,0,0,0,0,0,0,1,0,0,0,0,0,0,1,0,0,0,0,0,1
418,785,-1.0151329268692422,0.8000090446585792,1.2769313303252274,0.7388117288534887,34,1,0,1,0,1,0,0,0,0,0,0,0,0,0,0,0,1,0,0,0,0,0,1,0,0,0,0,0,0,1
419,5626,0.6396854532019435,-1.6668028710495202,0.6424928624683458,1.2472413056989002,40,1,0,0,1,1,0,0,0,0,0,0,0,0,0,0,0,1,0,0,0,0,0,0,1,0,0,0,0,0,1
420,74818,0.2344238091028776,1.2174695227014882,0.721797670950456,-0.6170004760676088,91,1,0,1,0,1,0,0,0,0,0,0,0,0,1,0,0,0,0,0,0,0,0,1,0,0,0,0,0,0,1
421,18398,0.47082643482733266,0.1927938038688932,-0.547079264763307,0.5693352032383514,37,1,0,0,1,1,0,0,0,0,0,0,0,0,0,0,0,1,0,0,0,0,0,0,1,0,0,0,0,0,1
422,29805,0.2681956127777998,-1.5909009659508093,-1.5780417750307394,0.7388117288534887,44,1,0,1,0,1,0,0,0,0,0,0,0,0,0,0,0,1,0,0,0,0,0,0,1,0,0,0,0,0,1
423,17139,0.43705463115241056,-1.5909009659508093,-0.547079264763307,0.39985867762321425,75,1,0,0,1,1,0,0,0,0,0,0,0,0,0,0,0,1,0,0,0,0,0,0,1,0,0,0,0,0,1
424,1965,-0.8800457121695535,0.45845047171438086,-0.1505552223527561,-0.10857089922219726,29,1,0,1,0,1,0,0,0,0,0,0,0,0,0,0,0,1,0,0,0,0,0,0,1,0,0,0,0,0,1
425,98845,-0.542327675420332,-0.6800781047662804,0.9597120963967866,-1.6338596297584318,85,1,0,0,1,1,0,0,0,0,0,0,0,0,0,0,0,1,0,0,0,1,0,0,0,0,0,0,0,0,1
426,51674,-0.10329422764634394,1.3692733328989097,0.3252736285399051,1.0777647800837629,64,1,0,1,0,0,1,0,0,0,0,0,0,0,0,0,0,0,0,0,1,0,1,0,0,0,0,0,0,0,1
427,36793,-0.6774148901200205,1.4451752379976206,0.3252736285399051,1.0777647800837629,64,1,0,1,0,0,0,0,0,1,0,0,0,0,0,0,0,1,0,0,0,1,0,0,0,0,0,0,0,0,1
428,42003,0.977403489951165,1.786733810941819,1.0390169048788969,-1.2949065785281575,81,1,0,0,1,0,0,0,0,1,0,0,0,0,0,1,0,0,0,0,0,0,1,0,0,0,0,0,0,0,1
429,78480,-1.45416637464323,1.4451752379976206,-1.5780417750307394,-0.6170004760676088,80,1,0,0,1,0,0,0,0,0,1,0,0,0,0,1,0,0,0,0,0,0,1,0,0,0,0,0,0,0,1
430,96034,1.1124907046508536,0.3825485666156701,-1.7366513919949598,0.2303821520080771,81,1,0,1,0,0,0,0,0,0,1,0,0,0,0,0,1,0,0,0,0,0,0,1,0,0,0,0,0,0,1
431,4477,1.5515241524248418,1.5590280956456868,1.7527601812178886,0.7388117288534887,50,1,0,1,0,0,0,0,0,0,0,1,0,0,0,0,1,0,0,0,0,1,0,0,0,0,0,0,0,0,1
432,23727,1.5515241524248418,1.5590280956456868,1.7527601812178886,1.0777647800837629,50,1,0,1,0,0,0,0,0,0,0,1,0,0,0,1,0,0,0,0,0,0,0,1,0,0,0,0,0,0,1
433,82457,-0.27215324602095475,-0.4903233420195035,-0.943603307173858,1.2472413056989002,34,1,0,1,0,0,0,0,0,0,0,0,0,1,0,0,1,0,0,0,0,1,0,0,0,0,0,0,0,0,1
434,95604,1.180034312000698,-0.338519531822082,0.4045784370220153,-0.6170004760676088,64,0,1,0,1,1,0,0,0,0,0,0,0,0,0,0,0,1,0,0,0,0,0,0,1,0,0,0,0,0,1
435,37119,0.30196741645272196,-1.1734404879079003,0.5631880539862356,0.39985867762321425,74,0,1,1,0,1,0,0,0,0,0,0,0,0,0,0,0,1,0,0,0,0,0,0,1,0,0,0,0,0,1
436,66329,0.4032828274774884,1.1036166650534223,-0.547079264763307,0.39985867762321425,41,0,1,1,0,1,0,0,0,0,0,0,0,0,0,0,0,1,0,0,0,0,0,0,1,0,0,0,0,0,1
437,63040,0.2344238091028776,-0.3005685792727266,-0.1505552223527561,0.06090562639293992,89,0,1,1,0,1,0,0,0,0,0,0,0,0,0,0,0,1,0,0,0,0,0,0,1,0,0,0,0,0,1
438,69807,1.0111752936260872,0.9897638074053561,1.514845755771558,-1.6338596297584318,91,0,1,1,0,1,0,0,0,0,0,0,0,0,0,0,0,1,0,0,0,0,0,0,1,0,0,0,0,0,1
439,60151,-1.6230253930178409,-0.1108138165259498,1.118321713361007,-1.2949065785281575,65,0,1,0,1,1,0,0,0,0,0,0,0,0,0,0,0,1,0,0,0,0,0,0,1,0,0,0,0,0,1
440,80858,0.031792987053344685,0.7241071395598685,0.721797670950456,0.06090562639293992,43,0,1,0,1,1,0,0,0,0,0,0,0,0,0,0,0,1,0,0,0,0,0,0,1,0,0,0,0,0,1
441,25243,-0.7111866937949427,-0.8318819149637019,0.8804072879146764,-0.6170004760676088,67,0,1,1,0,1,0,0,0,0,0,0,0,0,0,0,1,0,0,0,0,0,0,0,1,0,0,0,0,0,1
442,60527,-0.1370660313212661,-1.5149990608520987,-0.0712504138706459,-1.6338596297584318,62,0,1,0,1,1,0,0,0,0,0,0,0,0,0,0,0,1,0,0,0,0,0,0,1,0,0,0,0,0,1
443,13808,0.6734572568768656,-1.1734404879079003,-1.1022129241380783,-0.9559535272978831,54,0,1,0,1,1,0,0,0,0,0,0,0,0,0,0,0,1,0,0,0,0,0,0,1,0,0,0,0,0,1
444,47796,-0.03575062029649963,-1.4390971557533878,-0.46777445628119685,0.2303821520080771,27,0,1,1,0,1,0,0,0,0,0,0,0,0,0,0,0,1,0,0,0,0,0,0,1,0,0,0,0,0,1
445,22344,-0.03575062029649963,1.1415676176027776,-1.419432158066519,1.2472413056989002,47,0,1,0,1,1,0,0,0,0,0,0,0,0,0,0,0,1,0,0,0,0,0,0,1,0,0,0,0,0,1
446,31081,1.2475779193505423,-0.1108138165259498,1.4355409472894478,-0.2780474248373344,43,0,1,1,0,1,0,0,0,0,0,0,0,0,0,0,0,0,0,0,1,0,0,0,1,0,0,0,0,0,1
447,29545,1.0449470973010093,-0.07286286397659442,-0.1505552223527561,0.5693352032383514,42,0,1,1,0,1,0,0,0,0,0,0,0,0,0,0,0,1,0,0,0,0,0,0,1,0,0,0,0,0,1
448,73647,1.0111752936260872,0.9518128548560008,-1.2608225411022986,0.06090562639293992,53,0,1,0,1,1,0,0,0,0,0,0,0,0,0,0,0,1,0,0,0,0,0,0,1,0,0,0,0,0,1
449,94343,-0.00197881662157747,-1.249342393006611,1.0390169048788969,-0.10857089922219726,31,0,1,0,1,1,0,0,0,0,0,0,0,0,0,0,0,1,0,0,0,0,0,0,1,0,0,0,0,0,1
450,54159,-0.8125021048197092,0.6861561870105131,0.5631880539862356,0.06090562639293992,79,0,1,0,1,1,0,0,0,0,0,0,0,0,0,0,0,1,0,0,0,0,0,0,1,0,0,0,0,0,1
451,67139,-0.778730301144787,0.0409899936714717,-1.1815177326201884,-0.7864770016827459,87,0,1,1,0,1,0,0,0,0,0,0,0,0,0,0,0,1,0,0,0,0,0,0,1,0,0,0,0,0,1
452,32134,-1.7581126077175295,1.9005866685898851,-0.22986003083486628,-0.10857089922219726,80,0,1,0,1,1,0,0,0,0,0,0,0,0,0,1,0,0,0,0,0,0,0,0,1,0,0,0,0,0,1
453,70419,1.180034312000698,-1.5909009659508093,-1.4987369665486292,0.2303821520080771,86,0,1,0,1,1,0,0,0,0,0,0,0,0,0,0,0,1,0,0,0,0,0,0,1,0,0,0,0,0,1
454,54146,-1.7918844113924517,-0.9836857251611234,0.721797670950456,1.2472413056989002,53,0,1,0,1,1,0,0,0,0,0,0,0,0,0,0,0,1,0,0,0,0,0,0,1,0,0,0,0,0,1
455,18806,-0.44101226439556546,1.483126190546976,-1.4987369665486292,-1.6338596297584318,75,0,1,0,1,1,0,0,0,0,0,0,0,0,0,0,0,1,0,0,0,0,0,0,1,0,0,0,0,0,1
456,38955,-0.6436430864450985,0.9897638074053561,-0.547079264763307,-0.9559535272978831,42,0,1,0,1,1,0,0,0,0,0,0,0,0,0,0,0,1,0,0,0,0,0,0,1,0,0,0,0,0,1
457,66758,-0.778730301144787,-0.6041761996675696,0.16666401157568467,-0.2780474248373344,71,0,1,0,1,1,0,0,0,0,0,0,0,0,0,0,0,1,0,0,0,0,0,0,1,0,0,0,0,0,1
458,93518,-0.40724046072064335,-1.4390971557533878,-0.1505552223527561,0.5693352032383514,35,0,1,1,0,1,0,0,0,0,0,0,0,0,0,0,0,1,0,0,0,0,0,0,1,0,0,0,0,0,1
459,23241,-0.03575062029649963,-0.7180290573156358,-1.3401273495844088,0.06090562639293992,80,0,1,1,0,1,0,0,0,0,0,0,0,0,0,0,0,1,0,0,0,0,0,0,1,0,0,0,0,0,1
460,88951,-1.3190791599435416,-0.41442143692079275,-0.38846964779908666,-0.7864770016827459,69,0,1,0,1,1,0,0,0,0,0,0,0,0,0,0,0,1,0,0,0,0,0,0,1,0,0,0,0,0,1
461,48454,0.6734572568768656,-0.5662252471182143,-0.7056888817275274,-0.7864770016827459,29,0,1,1,0,1,0,0,0,0,0,0,0,0,0,0,0,1,0,0,0,0,0,0,1,0,0,0,0,0,1
462,1551,-0.9475893195193978,-0.45237238947014813,-0.7056888817275274,0.5693352032383514,29,0,1,1,0,1,0,0,0,0,0,0,0,0,0,0,0,1,0,0,0,0,0,0,1,0,0,0,0,0,1
463,97246,-0.30592504969587686,0.87591094975729,-1.4987369665486292,-0.6170004760676088,33,0,1,1,0,1,0,0,0,0,0,0,0,0,0,0,0,1,0,0,0,0,0,0,1,0,0,0,0,0,1
464,59870,-0.9475893195193978,0.8000090446585792,-1.3401273495844088,-0.2780474248373344,78,0,1,1,0,1,0,0,0,0,0,0,0,0,0,0,0,1,0,0,0,0,0,0,1,0,0,0,0,0,1
465,74953,1.1124907046508536,-0.7939309624143466,-1.1022129241380783,-1.2949065785281575,55,0,1,1,0,1,0,0,0,0,0,0,0,0,0,0,0,1,0,0,0,0,0,0,1,0,0,0,0,0,1
466,99933,0.031792987053344685,1.2554204752508438,-1.2608225411022986,-1.1254300529130203,49,0,1,1,0,1,0,0,0,0,0,0,0,0,0,0,0,1,0,0,0,0,0,0,1,0,0,0,0,0,1
467,44197,0.977403489951165,0.572303329362447,-0.0712504138706459,-0.7864770016827459,84,0,1,1,0,1,0,0,0,0,0,0,0,0,0,0,0,1,0,0,0,0,0,0,1,0,0,0,0,0,1
468,48003,-1.1164483378940087,-0.7180290573156358,0.008054394611464292,0.39985867762321425,64,0,1,0,1,1,0,0,0,0,0,0,0,0,0,0,0,1,0,0,0,0,0,0,1,0,0,0,0,0,1
469,68325,-1.45416637464323,-0.18671572162466055,0.4838832455041255,-0.10857089922219726,60,0,1,0,1,1,0,0,0,0,0,0,0,0,0,0,0,1,0,0,0,0,0,0,1,0,0,0,0,0,1
470,10841,0.8760880789263985,-1.3631952506546772,-1.7366513919949598,1.0777647800837629,45,0,1,0,1,1,0,0,0,0,0,0,0,0,0,0,0,1,0,0,0,0,0,0,1,0,0,0,0,0,1
471,11006,-1.3528509636184638,-1.4011462032040325,0.6424928624683458,0.7388117288534887,46,0,1,1,0,1,0,0,0,0,0,0,0,0,0,0,0,1,0,0,0,0,0,0,1,0,0,0,0,0,1
472,22246,-0.5760994790952542,0.4204995191650255,-0.547079264763307,0.5693352032383514,42,0,1,1,0,1,0,0,0,0,0,0,0,0,0,0,0,1,0,0,0,0,0,0,1,0,0,0,0,0,1
473,81444,-1.1502201415689308,-1.3631952506546772,-0.7056888817275274,-1.2949065785281575,61,0,1,1,0,1,0,0,0,0,0,0,0,0,0,0,0,1,0,0,0,0,0,0,1,0,0,0,0,0,1
474,91611,0.8760880789263985,-1.4011462032040325,-0.547079264763307,0.06090562639293992,53,0,1,0,1,1,0,0,0,0,0,0,0,0,0,0,0,1,0,0,0,0,0,0,1,0,0,0,0,0,1
475,71199,-1.2853073562686195,1.1036166650534223,1.514845755771558,0.7388117288534887,52,0,1,1,0,1,0,0,0,0,0,0,0,0,0,0,0,1,0,0,0,0,0,0,1,0,0,0,0,0,1
476,66285,1.4839805450749974,-1.4011462032040325,-0.46777445628119685,0.06090562639293992,83,0,1,0,1,1,0,0,0,0,0,0,0,0,0,0,0,0,1,0,0,0,0,0,1,0,0,0,0,0,1
477,97826,-0.8462739084946314,-0.2626176267233713,-0.7056888817275274,-0.2780474248373344,81,0,1,0,1,1,0,0,0,0,0,0,0,0,0,0,0,1,0,0,0,0,0,0,1,0,0,0,0,0,1
478,44931,-0.778730301144787,-0.9077838200624126,0.4838832455041255,0.9082882544686258,39,0,1,1,0,1,0,0,0,0,0,0,0,0,0,0,0,1,0,0,0,0,0,0,1,0,0,0,0,0,1
479,20687,-0.44101226439556546,-0.03491191142723904,-0.46777445628119685,-0.7864770016827459,82,0,1,1,0,1,0,0,0,0,0,0,0,0,0,0,0,1,0,0,0,0,0,0,1,0,0,0,0,0,1
480,60675,-1.45416637464323,0.268695708967604,-0.46777445628119685,-1.6338596297584318,60,0,1,0,1,1,0,0,0,0,0,0,0,0,0,0,0,1,0,0,0,0,0,0,1,0,0,0,0,0,1
481,28535,-0.7449584974698649,-1.249342393006611,0.5631880539862356,-1.2949065785281575,78,0,1,1,0,1,0,0,0,0,0,0,0,0,0,0,0,1,0,0,0,0,0,0,1,0,0,0,0,0,1
482,5595,-0.40724046072064335,-1.3631952506546772,-0.7056888817275274,-0.7864770016827459,39,0,1,1,0,1,0,0,0,0,0,0,0,0,0,0,0,1,0,0,0,0,0,0,1,0,0,0,0,0,1
483,70754,-0.30592504969587686,0.6861561870105131,-0.1505552223527561,-1.4643831041432946,80,0,1,0,1,1,0,0,0,0,0,0,0,0,0,0,0,1,0,0,0,0,0,0,1,0,0,0,0,0,1
484,93554,-0.06952242397142179,-0.22466667417401592,-0.22986003083486628,-0.2780474248373344,74,0,1,1,0,1,0,0,0,0,0,0,0,0,0,0,0,1,0,0,0,0,0,0,1,0,0,0,0,0,1
485,69968,-1.6905690003676852,-0.7939309624143466,-0.7056888817275274,-1.2949065785281575,83,0,1,0,1,1,0,0,0,0,0,0,0,0,0,0,0,1,0,0,0,0,0,0,1,0,0,0,0,0,1
486,61421,0.20065200542795547,-0.45237238947014813,0.8804072879146764,0.06090562639293992,66,0,1,0,1,1,0,0,0,0,0,0,0,0,0,0,0,1,0,0,0,0,0,0,1,0,0,0,0,0,1
487,77487,0.099336594403189,0.8000090446585792,-1.3401273495844088,-0.2780474248373344,53,0,1,1,0,1,0,0,0,0,0,0,0,0,1,0,0,0,0,0,0,0,0,0,1,0,0,0,0,0,1
488,52165,1.4502087414000753,0.572303329362447,-0.547079264763307,1.4167178313140374,49,0,1,1,0,1,0,0,0,0,0,0,0,0,0,0,0,1,0,0,0,0,0,0,1,0,0,0,0,0,1
489,27016,-1.7243408040426074,-0.22466667417401592,-1.022908115655968,1.0777647800837629,68,0,1,0,1,1,0,0,0,0,0,0,0,0,0,0,0,1,0,0,0,0,0,0,1,0,0,0,0,0,1
490,15308,-0.8462739084946314,-0.4903233420195035,1.2769313303252274,0.39985867762321425,66,0,1,1,0,1,0,0,0,0,0,0,0,0,0,0,0,1,0,0,0,0,0,0,1,0,0,0,0,0,1
491,42888,0.2681956127777998,0.8000090446585792,-0.7849936902096376,0.39985867762321425,36,0,1,1,0,1,0,0,0,0,0,0,0,0,0,0,0,1,0,0,0,0,0,0,1,0,0,0,0,0,1
492,14614,-0.9475893195193978,-1.3631952506546772,1.1976265218431172,0.9082882544686258,73,0,1,0,1,1,0,0,0,0,0,0,0,0,0,0,0,1,0,0,0,0,0,0,1,0,0,0,0,0,1
493,22629,-0.9813611231943199,-0.6800781047662804,0.8804072879146764,-1.6338596297584318,44,0,1,1,0,1,0,0,0,0,0,0,0,0,0,0,0,1,0,0,0,0,0,0,1,0,0,0,0,0,1
494,15517,-0.4747840680704876,0.9518128548560008,0.08735920309357448,0.7388117288534887,70,0,1,0,1,1,0,0,0,0,0,0,0,0,0,0,0,1,0,0,0,0,0,0,1,0,0,0,0,0,1
495,37069,0.30196741645272196,-0.338519531822082,1.4355409472894478,0.06090562639293992,54,0,1,0,1,1,0,0,0,0,0,0,0,0,0,0,0,1,0,0,0,0,0,0,1,0,0,0,0,0,1
496,22346,0.8423162752514763,0.07894094622082709,0.16666401157568467,-1.1254300529130203,69,0,1,1,0,1,0,0,0,0,0,0,0,0,0,0,0,1,0,0,0,0,0,0,1,0,0,0,0,0,1
497,16630,0.36951102380256623,-1.4770481083027434,0.08735920309357448,-0.6170004760676088,64,0,1,1,0,1,0,0,0,0,0,0,0,0,0,0,0,1,0,0,0,0,0,0,1,0,0,0,0,0,1
498,71840,1.0787189009759315,-1.1734404879079003,-0.6263840732454172,1.0777647800837629,87,0,1,0,1,1,0,0,0,0,0,0,0,0,0,0,0,1,0,0,0,0,0,0,1,0,0,0,0,0,1
499,55097,-0.6098712827701763,-0.1108138165259498,0.3252736285399051,0.39985867762321425,54,0,1,0,1,1,0,0,0,0,0,0,0,0,0,0,0,1,0,0,0,0,0,0,1,0,0,0,0,0,1
500,65908,-1.5554817856679966,-0.4903233420195035,-0.547079264763307,1.0777647800837629,40,0,1,1,0,1,0,0,0,0,0,0,0,0,0,0,0,1,0,0,0,0,0,0,1,0,0,0,0,0,1
501,40629,0.977403489951165,1.4451752379976206,-0.38846964779908666,-1.4643831041432946,61,0,1,0,1,1,0,0,0,0,0,0,0,0,0,0,0,1,0,0,0,0,0,0,1,0,0,0,0,0,1
502,89577,0.4032828274774884,1.1036166650534223,-1.7366513919949598,0.39985867762321425,70,0,1,0,1,1,0,0,0,0,0,0,0,0,0,0,0,0,0,1,0,0,0,0,1,0,0,0,0,0,1
503,24138,-0.7111866937949427,0.003039041122116331,-0.1505552223527561,0.39985867762321425,71,0,1,0,1,1,0,0,0,0,0,0,0,0,0,0,0,1,0,0,0,0,0,0,1,0,0,0,0,0,1
504,42648,0.9098598826013207,-0.1108138165259498,1.514845755771558,0.9082882544686258,54,0,1,0,1,0,1,0,0,0,0,0,0,0,0,0,0,1,0,0,0,0,0,1,0,0,0,0,0,0,1
505,93459,0.1668802017530333,1.0277147599547114,-0.7849936902096376,0.39985867762321425,76,0,1,0,1,0,0,1,0,0,0,0,0,0,0,0,0,0,0,0,1,1,0,0,0,0,0,0,0,0,1
506,26654,-0.9475893195193978,1.7487828583924636,-1.4987369665486292,1.2472413056989002,34,0,1,0,1,0,0,1,0,0,0,0,0,0,0,1,0,0,0,0,0,0,0,1,0,0,0,0,0,0,1
507,76085,0.8085444715765543,0.15484285131953782,0.8011024794325662,-1.1254300529130203,42,0,1,0,1,0,0,0,1,0,0,0,0,0,0,0,1,0,0,0,0,1,0,0,0,0,0,0,0,0,1
508,59860,0.13310839807811115,-0.5282742945688589,0.08735920309357448,1.0777647800837629,67,0,1,1,0,0,0,0,1,0,0,0,0,0,0,0,0,1,0,0,0,0,1,0,0,0,0,0,0,0,1
509,52707,1.3488933303753088,-0.2626176267233713,-0.30916483931697647,-0.10857089922219726,93,0,1,0,1,0,0,0,0,0,0,0,1,0,0,0,0,0,1,0,0,0,0,1,0,0,0,0,0,0,1
510,7072,1.0787189009759315,0.4204995191650255,0.5631880539862356,-1.6338596297584318,41,0,1,1,0,0,0,0,0,0,0,0,1,0,0,0,0,1,0,0,0,0,0,1,0,0,0,0,0,0,1
511,81809,1.3488933303753088,1.293371427800199,-0.7056888817275274,1.4167178313140374,65,0,1,1,0,0,0,0,0,0,0,0,0,1,0,0,0,1,0,0,0,0,1,0,0,0,0,0,0,0,1
