,serial,pod,animal,plant,fan,mix_a,mix_b,mix_c,mix_d,humidity,temperature,voltage
0,60429,Pod_0,aardvark,apple,low,0.6059136495270212,0.5343523768130916,1.0390169048788969,-0.2780474248373344,56,cold,3.4
1,56805,Pod_0,bat,turnip,coconut,0.09933659440318898,-1.6668028710495202,-0.07125041387064587,-0.4475239504524716,36,cold,3.4
2,60962,Pod_0,beetle,banana,medium,-1.5554817856679963,1.9005866685898851,-1.3401273495844088,-1.4643831041432946,29,hot,3.4
3,46081,Pod_0,cat,melon,high,-0.576099479095254,-1.6288519185001649,0.1666640115756847,-1.2949065785281575,57,cold,3.4
4,51431,Pod_0,dog,orange,medium,1.1462625083257756,-0.6041761996675696,-1.2608225411022986,1.0777647800837629,43,hot,3.4
5,7568,Pod_0,fly,fish,high,0.3019674164527219,0.8000090446585792,-0.943603307173858,0.06090562639293992,35,cold,3.4
6,83116,Pod_0,swan,peach,low,0.9774034899511649,-0.7559800098649911,-1.3401273495844088,0.2303821520080771,92,hot,3.4
7,34930,Pod_0,walrus,fish,coconut,1.4839805450749972,0.11689189877018247,-0.943603307173858,1.5861943569291745,86,cold,3.4
8,98546,pod_a,aardvark,peach,low,-1.015132926869242,1.483126190546976,0.721797670950456,1.2472413056989002,47,hot,3.4
9,3482,pod_a,aardvark,peach,high,0.7072290605517877,-1.0975385828091895,0.3252736285399051,0.39985867762321425,68,cold,3.4
10,85876,pod_a,bat,melon,medium,0.6059136495270212,-0.9836857251611234,1.2769313303252274,-0.9559535272978831,62,cold,3.4
11,84765,pod_a,bat,melon,medium,-0.03575062029649962,-0.2626176267233713,1.1976265218431172,0.5693352032383514,45,hot,3.4
12,58211,pod_a,beetle,banana,coconut,0.774772667901632,1.7108319058431083,-1.7366513919949598,1.2472413056989002,36,hot,3.4
13,32396,pod_a,beetle,turnip,coconut,1.3488933303753086,-1.5909009659508093,-0.38846964779908666,-0.4475239504524716,74,hot,3.4
14,64739,pod_a,beetle,turnip,medium,1.21380611567562,0.6102542819118023,0.3252736285399051,-0.6170004760676088,52,hot,3.4
15,49103,pod_a,beetle,melon,medium,-1.251535552593697,-0.7559800098649911,0.008054394611464316,1.4167178313140374,28,hot,3.4
16,35212,pod_a,beetle,turnip,medium,-0.5085558717454097,-0.8318819149637019,0.008054394611464316,0.39985867762321425,62,hot,3.4
17,52798,pod_a,beetle,apple,low,-0.2721532460209547,0.04098999367147172,-1.2608225411022986,0.39985867762321425,51,hot,3.4
18,969,pod_a,beetle,peach,coconut,-0.23838144234603253,0.3825485666156701,-0.6263840732454172,-0.7864770016827459,48,hot,3.4
19,72712,pod_a,beetle,peach,high,-0.8462739084946312,0.2307447564182486,-0.943603307173858,-0.4475239504524716,33,hot,3.4
20,89115,pod_a,beetle,turnip,medium,-1.1502201415689306,-0.9836857251611234,-1.419432158066519,0.06090562639293992,47,hot,3.4
21,38449,pod_a,beetle,melon,coconut,0.335739220127644,1.0277147599547114,0.1666640115756847,-0.10857089922219726,54,hot,3.4
22,49545,pod_a,beetle,peach,high,0.23442380910287758,-0.18671572162466052,-0.46777445628119685,-1.1254300529130203,90,hot,3.4
23,67648,pod_a,beetle,apple,coconut,-1.5892535893429185,-1.552950013401454,-0.15055522235275606,0.9082882544686258,76,hot,3.4
24,94237,pod_a,beetle,melon,coconut,0.7072290605517877,0.7620580921092238,-1.3401273495844088,0.06090562639293992,73,hot,3.4
25,55106,pod_a,beetle,banana,medium,0.6734572568768655,1.9764885736885958,0.9597120963967866,-0.9559535272978831,57,hot,3.4
26,49313,pod_a,beetle,fish,high,0.13310839807811112,-0.9077838200624126,-1.419432158066519,-0.6170004760676088,49,hot,3.4
27,55202,pod_a,beetle,peach,high,-0.7111866937949426,-0.41442143692079275,-1.419432158066519,-0.10857089922219726,53,hot,3.4
28,24281,pod_a,beetle,fish,coconut,1.2813497230254642,0.9897638074053561,1.118321713361007,-1.6338596297584318,57,hot,3.4
29,48198,pod_a,beetle,turnip,medium,-0.8462739084946312,-1.552950013401454,-0.8642984986917478,-0.7864770016827459,62,hot,3.4
30,66954,pod_a,beetle,peach,low,1.450208741400075,0.15484285131953784,-1.3401273495844088,0.9082882544686258,36,hot,3.4
31,82014,pod_a,beetle,melon,medium,0.9774034899511649,-0.5662252471182143,-0.38846964779908666,-1.6338596297584318,34,hot,3.4
32,70168,pod_a,beetle,apple,coconut,-0.6774148901200204,-1.4011462032040325,0.0873592030935745,0.7388117288534887,41,hot,3.4
33,77984,pod_a,beetle,melon,medium,-1.1502201415689306,-0.9836857251611234,1.4355409472894478,-0.9559535272978831,52,hot,3.4
34,48621,pod_a,beetle,melon,medium,0.3695110238025662,-1.552950013401454,0.008054394611464316,1.0777647800837629,71,hot,3.4
35,59678,pod_a,beetle,apple,coconut,1.450208741400075,-1.2113914404572557,-0.22986003083486625,-1.6338596297584318,89,hot,3.4
36,91958,pod_a,beetle,melon,medium,-0.4410122643955654,-0.41442143692079275,1.514845755771558,-1.2949065785281575,63,hot,3.4
37,50969,pod_a,beetle,melon,medium,-1.5217099819930742,0.34459761406631473,1.2769313303252274,0.06090562639293992,29,hot,3.4
38,85247,pod_a,beetle,banana,coconut,0.09933659440318898,1.596979048195042,-1.022908115655968,-0.2780474248373344,66,hot,3.4
39,40506,pod_a,beetle,peach,coconut,-0.8125021048197091,-0.5282742945688589,0.6424928624683458,0.7388117288534887,73,hot,3.4
40,70168,pod_a,beetle,melon,coconut,-0.5423276754203319,0.04098999367147172,0.0873592030935745,1.2472413056989002,88,hot,3.4
41,94104,pod_a,beetle,fish,low,0.3019674164527219,-0.034911911427239026,-1.5780417750307394,0.9082882544686258,29,hot,3.4
42,99306,pod_a,beetle,turnip,coconut,-0.7111866937949426,0.04098999367147172,1.118321713361007,-1.4643831041432946,57,hot,3.4
43,30772,pod_a,beetle,fish,high,1.5177523487499194,0.11689189877018247,0.4838832455041255,0.2303821520080771,84,hot,3.4
44,20467,pod_a,beetle,apple,coconut,0.335739220127644,-0.7939309624143466,0.5631880539862356,0.06090562639293992,58,hot,3.4
45,82566,pod_a,beetle,peach,coconut,-1.690569000367685,-0.945734772611768,-0.30916483931697647,-0.6170004760676088,66,hot,3.4
46,3717,pod_a,beetle,orange,high,0.26819561277779974,0.0789409462208271,0.24596882005779488,0.06090562639293992,67,hot,3.4
47,97729,pod_a,beetle,orange,low,0.13310839807811112,-0.6041761996675696,-0.15055522235275606,-1.1254300529130203,91,hot,3.4
48,37919,pod_a,beetle,banana,medium,0.4370546311524105,1.596979048195042,0.1666640115756847,0.5693352032383514,43,hot,3.4
49,51374,pod_a,beetle,banana,coconut,1.2813497230254642,1.9764885736885958,-1.2608225411022986,-0.6170004760676088,30,hot,3.4
50,64641,pod_a,beetle,fish,coconut,0.4370546311524105,0.49640142426373624,-1.1815177326201884,0.7388117288534887,69,hot,3.4
51,34343,pod_a,beetle,melon,coconut,0.335739220127644,0.9897638074053561,1.118321713361007,0.39985867762321425,39,hot,3.4
52,37414,pod_a,beetle,apple,high,-0.7111866937949426,-1.0975385828091895,-0.15055522235275606,0.9082882544686258,61,hot,3.4
53,95655,pod_a,beetle,melon,coconut,0.6734572568768655,1.1415676176027776,-1.7366513919949598,-0.2780474248373344,78,hot,3.4
54,84632,pod_a,beetle,banana,medium,-0.23838144234603253,1.4451752379976206,-0.46777445628119685,-0.2780474248373344,27,hot,3.4
55,94327,pod_a,beetle,fish,coconut,-1.0826765342190863,1.2554204752508438,1.3562361388073376,0.5693352032383514,74,hot,3.4
56,84040,pod_a,beetle,melon,coconut,1.416436937725153,-0.8698328675130572,0.008054394611464316,0.39985867762321425,83,hot,3.4
57,70135,pod_a,beetle,melon,coconut,-0.2721532460209547,0.34459761406631473,-0.30916483931697647,0.5693352032383514,76,hot,3.4
58,14609,pod_a,beetle,fish,low,0.6059136495270212,-1.249342393006611,1.3562361388073376,-0.7864770016827459,49,hot,3.4
59,29960,pod_a,beetle,orange,low,0.7072290605517877,1.4451752379976206,0.0873592030935745,-0.9559535272978831,66,hot,3.4
60,1762,pod_a,beetle,orange,high,1.5515241524248415,0.49640142426373624,0.4045784370220153,1.0777647800837629,94,hot,3.4
61,85281,pod_a,beetle,orange,coconut,0.9774034899511649,-1.5909009659508093,1.118321713361007,-1.4643831041432946,67,hot,3.4
62,52556,pod_a,beetle,melon,medium,1.044947097301009,0.6102542819118023,0.5631880539862356,1.0777647800837629,55,hot,3.4
63,13380,pod_a,beetle,apple,coconut,-0.9813611231943198,0.2307447564182486,-0.8642984986917478,0.5693352032383514,72,hot,3.4
64,6762,pod_a,beetle,turnip,coconut,-0.7449584974698648,0.0030390411221163484,-0.07125041387064587,0.2303821520080771,55,hot,3.4
65,82934,pod_a,beetle,banana,medium,1.1800343120006977,2.0144395262379513,1.514845755771558,-1.4643831041432946,53,hot,3.4
66,16535,pod_a,beetle,orange,high,-0.2721532460209547,0.0030390411221163484,-0.30916483931697647,0.39985867762321425,95,hot,3.4
67,19471,pod_a,beetle,melon,medium,0.7410008642267099,1.065665712504067,-1.7366513919949598,-1.6338596297584318,35,hot,3.4
68,90519,pod_a,beetle,melon,coconut,0.9098598826013206,1.4072242854482653,-0.8642984986917478,1.2472413056989002,62,cold,3.4
69,76238,pod_a,beetle,banana,medium,-1.3528509636184636,1.786733810941819,-0.8642984986917478,-0.4475239504524716,59,hot,3.4
70,56610,pod_a,beetle,peach,coconut,-1.6230253930178407,0.15484285131953784,0.4045784370220153,-1.4643831041432946,87,hot,3.4
71,84948,pod_a,beetle,fish,coconut,-1.5892535893429185,0.3825485666156701,-1.7366513919949598,0.2303821520080771,42,hot,3.4
72,72002,pod_a,beetle,melon,coconut,0.6734572568768655,1.3692733328989097,-1.6573465835128496,-1.4643831041432946,48,hot,3.4
73,33258,pod_a,beetle,melon,coconut,-0.47478406807048756,0.268695708967604,1.118321713361007,0.06090562639293992,76,cold,3.4
74,34766,pod_a,beetle,melon,medium,0.9436316862762427,1.0277147599547114,1.2769313303252274,-0.9559535272978831,35,hot,3.4
75,48535,pod_a,beetle,apple,coconut,0.13310839807811112,0.19279380386889322,0.3252736285399051,-0.9559535272978831,52,hot,3.4
76,2462,pod_a,beetle,peach,low,-0.3059250496958768,0.0789409462208271,-0.7849936902096376,0.06090562639293992,58,hot,3.4
77,7343,pod_a,beetle,turnip,coconut,-0.3059250496958768,1.0277147599547114,0.3252736285399051,-0.2780474248373344,87,hot,3.4
78,94273,pod_a,beetle,orange,high,-1.690569000367685,-0.945734772611768,-1.5780417750307394,-1.1254300529130203,71,hot,3.4
79,88459,pod_a,beetle,orange,coconut,1.5177523487499194,-1.2113914404572557,-0.7056888817275274,-1.2949065785281575,77,hot,3.4
80,98489,pod_a,cat,orange,low,0.9436316862762427,0.8000090446585792,1.5941505642536682,-1.6338596297584318,77,cold,3.4
81,73139,pod_a,cat,orange,low,0.8423162752514762,0.30664666151695935,0.721797670950456,-0.9559535272978831,95,cold,3.4
82,23927,pod_a,dog,banana,coconut,0.335739220127644,1.6728809532937527,1.118321713361007,-0.4475239504524716,86,cold,3.4
83,20343,pod_a,dog,apple,low,-1.7918844113924515,-1.4011462032040325,-1.6573465835128496,-0.7864770016827459,84,hot,3.4
84,14505,pod_a,fly,fish,low,0.3019674164527219,-1.4770481083027434,-1.022908115655968,0.39985867762321425,70,cold,3.4
85,98701,pod_a,fly,fish,low,-0.9813611231943198,0.0030390411221163484,1.118321713361007,-1.4643831041432946,53,cold,3.4
86,27502,pod_a,swan,apple,high,0.538370042177177,1.4451752379976206,-0.547079264763307,1.4167178313140374,90,cold,3.4
87,69541,pod_a,swan,apple,high,0.8760880789263984,-0.034911911427239026,1.4355409472894478,-0.10857089922219726,77,cold,3.4
88,65871,pod_a,walrus,orange,high,0.9098598826013206,0.9897638074053561,0.9597120963967866,1.4167178313140374,79,hot,3.4
89,77059,pod_a,walrus,turnip,coconut,0.3019674164527219,0.268695708967604,-0.46777445628119685,1.4167178313140374,84,hot,3.4
90,62849,pod_a,aardvark,turnip,coconut,0.774772667901632,0.6861561870105131,-0.15055522235275606,-0.4475239504524716,87,hot,5.1
91,33738,pod_a,aardvark,peach,high,-0.23838144234603253,-0.8698328675130572,0.9597120963967866,-0.4475239504524716,51,cold,5.1
92,26012,pod_a,bat,fish,high,0.3695110238025662,0.0789409462208271,-0.6263840732454172,0.5693352032383514,33,hot,5.1
93,87702,pod_a,bat,melon,medium,0.6059136495270212,0.6482052344611577,-1.022908115655968,0.06090562639293992,88,cold,5.1
94,52503,pod_a,cat,orange,low,-0.576099479095254,-0.338519531822082,-1.1815177326201884,-0.6170004760676088,94,cold,5.1
95,15685,pod_a,cat,orange,high,1.3151215267003864,0.572303329362447,1.3562361388073376,0.9082882544686258,94,hot,5.1
96,34619,pod_a,cat,banana,medium,-0.9813611231943198,1.9385376211392404,1.118321713361007,0.06090562639293992,87,cold,5.1
97,56251,pod_a,dog,banana,coconut,0.7410008642267099,2.090341431336662,0.1666640115756847,-1.1254300529130203,56,cold,5.1
98,98267,pod_a,dog,banana,coconut,-1.1502201415689306,1.9764885736885958,0.6424928624683458,-0.9559535272978831,71,cold,5.1
99,53008,pod_a,dog,banana,medium,-1.7243408040426071,1.786733810941819,-0.7849936902096376,-1.4643831041432946,47,hot,5.1
100,5210,pod_a,fly,melon,medium,1.1800343120006977,0.6102542819118023,0.4045784370220153,-1.4643831041432946,28,hot,5.1
101,64556,pod_a,fly,fish,low,-0.37346865704572113,-1.4011462032040325,-0.46777445628119685,0.06090562639293992,91,hot,5.1
102,97973,pod_a,ostrich,apple,low,1.5177523487499194,1.4451752379976206,1.4355409472894478,1.0777647800837629,50,hot,5.1
103,62308,pod_a,ostrich,banana,medium,1.5515241524248415,1.5590280956456868,1.7527601812178886,0.39985867762321425,50,hot,5.1
104,27551,pod_a,swan,apple,high,1.5177523487499194,1.3692733328989097,1.5941505642536682,1.2472413056989002,66,cold,5.1
105,24359,pod_a,swan,melon,coconut,1.3488933303753086,0.2307447564182486,0.0873592030935745,1.0777647800837629,34,hot,5.1
106,12760,pod_a,walrus,turnip,medium,1.1800343120006977,-0.9836857251611234,-1.3401273495844088,1.7556708825443117,85,cold,5.1
107,96293,pod_a,walrus,turnip,medium,0.335739220127644,0.5343523768130916,1.0390169048788969,1.5861943569291745,90,cold,5.1
108,8567,pod_b,aardvark,fish,low,0.538370042177177,0.15484285131953784,-0.15055522235275606,-1.6338596297584318,35,hot,3.4
109,80556,pod_b,aardvark,apple,low,-0.9813611231943198,0.4204995191650255,-1.3401273495844088,-0.9559535272978831,85,hot,3.4
110,19045,pod_b,aardvark,orange,low,-1.217763748918775,-0.45237238947014813,-0.15055522235275606,0.9082882544686258,96,cold,3.4
111,79847,pod_b,aardvark,orange,low,0.9774034899511649,0.9897638074053561,-0.7849936902096376,0.39985867762321425,65,hot,3.4
112,21725,pod_b,aardvark,orange,coconut,-1.0826765342190863,-0.45237238947014813,1.0390169048788969,0.7388117288534887,83,cold,3.4
113,17467,pod_b,aardvark,orange,low,-0.576099479095254,-1.552950013401454,0.3252736285399051,-1.6338596297584318,72,hot,3.4
114,66484,pod_b,aardvark,orange,high,0.4370546311524105,-1.0216366777104788,-0.6263840732454172,-0.9559535272978831,76,hot,3.4
115,59145,pod_b,bat,turnip,low,-0.3059250496958768,1.2554204752508438,0.1666640115756847,0.9082882544686258,42,cold,3.4
116,32872,pod_b,bat,orange,high,0.9098598826013206,-0.8318819149637019,1.0390169048788969,0.7388117288534887,72,cold,3.4
117,85767,pod_b,bat,orange,low,0.13310839807811112,1.1036166650534223,0.0873592030935745,0.2303821520080771,66,cold,3.4
118,18610,pod_b,bat,orange,low,-1.4203945709683077,-0.0728628639765944,-1.5780417750307394,-0.6170004760676088,71,cold,3.4
119,87730,pod_b,bat,orange,medium,-1.0826765342190863,-0.5282742945688589,-1.419432158066519,-0.10857089922219726,78,hot,3.4
120,51879,pod_b,bat,orange,low,-1.5554817856679963,-0.11081381652594978,-0.38846964779908666,-0.9559535272978831,83,hot,3.4
121,8379,pod_b,beetle,apple,low,-1.5892535893429185,0.7241071395598685,-0.07125041387064587,0.9082882544686258,70,hot,3.4
122,53019,pod_b,beetle,turnip,low,-0.5423276754203319,-0.5662252471182143,-0.6263840732454172,-1.1254300529130203,58,hot,3.4
123,53793,pod_b,beetle,melon,low,0.5045982385022548,1.1415676176027776,-0.30916483931697647,-0.10857089922219726,40,hot,3.4
124,50110,pod_b,beetle,orange,low,0.6734572568768655,0.0789409462208271,1.2769313303252274,0.06090562639293992,66,hot,3.4
125,70209,pod_b,beetle,orange,low,-0.7449584974698648,-0.6800781047662804,1.5941505642536682,-0.2780474248373344,71,hot,3.4
126,66635,pod_b,beetle,orange,coconut,-1.690569000367685,0.6102542819118023,-1.6573465835128496,-1.6338596297584318,78,hot,3.4
127,83954,pod_b,beetle,orange,low,-0.7449584974698648,-1.0595876302598342,-0.7056888817275274,-1.2949065785281575,90,hot,3.4
128,8032,pod_b,beetle,orange,low,-1.048904730544164,0.11689189877018247,-0.7056888817275274,0.7388117288534887,91,hot,3.4
129,82145,pod_b,beetle,banana,low,-1.7918844113924515,1.9005866685898851,-0.07125041387064587,-1.2949065785281575,62,hot,3.4
130,39745,pod_b,beetle,orange,coconut,0.09933659440318898,-0.6421271522169251,-1.4987369665486292,0.2303821520080771,78,hot,3.4
131,25330,pod_b,beetle,orange,low,0.7072290605517877,0.0030390411221163484,-1.6573465835128496,-1.1254300529130203,61,hot,3.4
132,71270,pod_b,beetle,orange,low,1.044947097301009,-0.5282742945688589,0.3252736285399051,0.39985867762321425,68,hot,3.4
133,74128,pod_b,beetle,orange,low,0.7410008642267099,-0.3005685792727266,0.8011024794325662,-1.6338596297584318,67,hot,3.4
134,2132,pod_b,cat,peach,low,0.6059136495270212,0.0030390411221163484,1.514845755771558,0.5693352032383514,29,hot,3.4
135,10223,pod_b,cat,orange,coconut,-1.7243408040426071,0.4204995191650255,-0.07125041387064587,1.2472413056989002,90,hot,3.4
136,77413,pod_b,cat,orange,low,-0.576099479095254,-1.4770481083027434,1.514845755771558,-1.1254300529130203,68,hot,3.4
137,48863,pod_b,cat,orange,low,-0.9813611231943198,-1.249342393006611,-0.7056888817275274,0.06090562639293992,61,cold,3.4
138,14576,pod_b,cat,orange,low,-0.7449584974698648,-0.2246666741740159,-1.5780417750307394,0.2303821520080771,98,cold,3.4
139,75610,pod_b,cat,melon,low,-0.10329422764634393,0.2307447564182486,1.0390169048788969,1.0777647800837629,90,hot,3.4
140,88983,pod_b,dog,orange,high,-0.7787303011447869,-0.9836857251611234,-1.1815177326201884,0.2303821520080771,68,cold,3.4
141,18062,pod_b,dog,orange,coconut,0.06556479072826683,0.0789409462208271,1.3562361388073376,0.2303821520080771,95,hot,3.4
142,29888,pod_b,dog,orange,low,-1.4203945709683077,-1.3252442981053218,1.514845755771558,-0.4475239504524716,87,hot,3.4
143,93184,pod_b,dog,orange,low,-1.7243408040426071,0.7241071395598685,-0.7056888817275274,-0.4475239504524716,74,cold,3.4
144,40570,pod_b,dog,fish,low,0.7072290605517877,-0.6041761996675696,-1.022908115655968,0.9082882544686258,30,hot,3.4
145,32013,pod_b,dog,orange,low,0.26819561277779974,1.3692733328989097,-0.7056888817275274,0.39985867762321425,62,cold,3.4
146,49744,pod_b,fly,banana,low,-0.5085558717454097,1.786733810941819,-0.07125041387064587,0.06090562639293992,72,hot,3.4
147,72845,pod_b,fly,peach,low,0.8085444715765542,-0.034911911427239026,1.2769313303252274,-1.4643831041432946,30,hot,3.4
148,87605,pod_b,fly,orange,low,-1.487938178318152,0.9138619023066453,0.24596882005779488,-1.1254300529130203,71,hot,3.4
149,85739,pod_b,fly,orange,low,-0.47478406807048756,0.3825485666156701,1.0390169048788969,0.2303821520080771,86,cold,3.4
150,35009,pod_b,fly,orange,medium,-1.1164483378940084,-1.0595876302598342,0.008054394611464316,-1.1254300529130203,86,cold,3.4
151,25067,pod_b,fly,orange,low,-0.33969685337079897,-1.3631952506546772,-0.6263840732454172,-0.6170004760676088,89,hot,3.4
152,16464,pod_b,fly,orange,low,-1.6567971966927628,1.2174695227014882,-0.8642984986917478,0.06090562639293992,79,cold,3.4
153,84918,pod_b,ostrich,melon,coconut,1.5515241524248415,1.5590280956456868,1.7527601812178886,1.0777647800837629,50,hot,3.4
154,17128,pod_b,swan,melon,low,0.6734572568768655,-0.6041761996675696,1.3562361388073376,-1.1254300529130203,60,cold,3.4
155,61003,pod_b,swan,orange,low,1.3826651340502307,-0.3764704843714374,1.5941505642536682,-1.6338596297584318,84,cold,3.4
156,57501,pod_b,swan,peach,low,1.3151215267003864,-0.2246666741740159,1.0390169048788969,-1.1254300529130203,32,hot,3.4
157,78692,pod_b,swan,orange,medium,1.416436937725153,-0.5282742945688589,1.1976265218431172,-0.4475239504524716,93,cold,3.4
158,50855,pod_b,swan,orange,low,1.011175293626087,1.2554204752508438,-1.4987369665486292,0.39985867762321425,66,hot,3.4
159,84025,pod_b,swan,fish,low,1.4839805450749972,0.7241071395598685,0.8011024794325662,0.5693352032383514,58,hot,3.4
160,1277,pod_b,swan,orange,high,0.6396854532019434,1.2554204752508438,0.1666640115756847,-1.2949065785281575,69,cold,3.4
161,70559,pod_b,walrus,melon,low,0.9774034899511649,-0.4903233420195035,-1.022908115655968,1.4167178313140374,56,cold,3.4
162,15482,pod_b,walrus,orange,low,0.9436316862762427,-1.249342393006611,-1.3401273495844088,1.7556708825443117,64,hot,3.4
163,15045,pod_b,walrus,orange,low,0.8760880789263984,-0.7559800098649911,1.118321713361007,1.2472413056989002,85,cold,3.4
164,22619,pod_b,walrus,orange,medium,0.774772667901632,-1.5149990608520987,0.0873592030935745,1.2472413056989002,73,hot,3.4
165,57082,pod_b,walrus,orange,low,1.1800343120006977,-1.6288519185001649,1.0390169048788969,1.2472413056989002,95,hot,3.4
166,92690,pod_b,walrus,apple,low,-0.4072404607206433,-1.6668028710495202,0.008054394611464316,1.7556708825443117,63,hot,3.4
167,63380,pod_b,aardvark,banana,low,0.6396854532019434,1.9005866685898851,1.514845755771558,1.4167178313140374,88,hot,5.1
168,69894,pod_b,aardvark,melon,low,-0.10329422764634393,-1.3252442981053218,-1.7366513919949598,-0.7864770016827459,68,cold,5.1
169,47324,pod_b,aardvark,orange,high,-1.4203945709683077,1.4451752379976206,-1.1815177326201884,-1.6338596297584318,96,cold,5.1
170,96826,pod_b,aardvark,orange,low,1.1462625083257756,0.11689189877018247,0.4045784370220153,0.7388117288534887,80,hot,5.1
171,33587,pod_b,aardvark,orange,high,0.9098598826013206,0.19279380386889322,-1.6573465835128496,0.7388117288534887,64,hot,5.1
172,20590,pod_b,aardvark,orange,low,0.774772667901632,-0.5662252471182143,-0.30916483931697647,0.2303821520080771,65,cold,5.1
173,57170,pod_b,bat,melon,low,1.3151215267003864,0.5343523768130916,-0.7056888817275274,-0.2780474248373344,73,cold,5.1
174,54933,pod_b,bat,banana,low,-0.33969685337079897,1.4451752379976206,0.0873592030935745,-0.4475239504524716,66,hot,5.1
175,23811,pod_b,bat,peach,low,-0.9475893195193977,-0.6800781047662804,-1.1815177326201884,0.7388117288534887,36,hot,5.1
176,6450,pod_b,bat,orange,medium,-0.7111866937949426,-0.7559800098649911,0.8011024794325662,-1.4643831041432946,95,cold,5.1
177,85012,pod_b,bat,orange,low,-1.217763748918775,0.9138619023066453,-0.6263840732454172,-0.6170004760676088,67,hot,5.1
178,11380,pod_b,bat,orange,low,0.774772667901632,-1.5149990608520987,-0.15055522235275606,-0.7864770016827459,72,cold,5.1
179,29751,pod_b,bat,orange,high,0.5045982385022548,0.7620580921092238,0.6424928624683458,-0.10857089922219726,85,hot,5.1
180,8844,pod_b,cat,melon,low,0.538370042177177,-1.249342393006611,1.0390169048788969,-1.1254300529130203,70,hot,5.1
181,14443,pod_b,cat,fish,low,-1.6230253930178407,-1.0975385828091895,-1.5780417750307394,0.5693352032383514,65,cold,5.1
182,49828,pod_b,cat,orange,low,0.9098598826013206,-1.1734404879079003,0.24596882005779488,0.7388117288534887,87,cold,5.1
183,42260,pod_b,cat,orange,low,-1.7918844113924515,0.7241071395598685,-0.38846964779908666,1.4167178313140374,75,hot,5.1
184,2078,pod_b,cat,orange,low,0.6396854532019434,1.2554204752508438,-0.547079264763307,1.2472413056989002,82,hot,5.1
185,84370,pod_b,cat,orange,low,0.4708264348273326,-1.4011462032040325,1.3562361388073376,-0.4475239504524716,61,cold,5.1
186,95412,pod_b,dog,melon,low,1.247577919350542,-0.945734772611768,0.721797670950456,-1.1254300529130203,75,cold,5.1
187,10707,pod_b,dog,orange,high,0.26819561277779974,0.04098999367147172,-1.3401273495844088,1.4167178313140374,67,hot,5.1
188,13703,pod_b,dog,orange,low,-1.5217099819930742,-0.6421271522169251,-0.07125041387064587,0.39985867762321425,66,hot,5.1
189,81953,pod_b,dog,orange,low,1.011175293626087,-0.0728628639765944,1.514845755771558,0.5693352032383514,91,hot,5.1
190,32610,pod_b,dog,orange,coconut,1.3488933303753086,0.0789409462208271,-0.6263840732454172,-0.4475239504524716,67,hot,5.1
191,29224,pod_b,dog,orange,low,0.6396854532019434,-0.6421271522169251,1.2769313303252274,-1.6338596297584318,71,cold,5.1
192,83761,pod_b,fly,apple,low,1.1124907046508534,1.3313223803495544,-0.6263840732454172,0.9082882544686258,43,cold,5.1
193,52121,pod_b,fly,orange,low,-0.9475893195193977,-0.11081381652594978,-0.46777445628119685,1.2472413056989002,77,hot,5.1
194,90187,pod_b,fly,orange,medium,-1.0826765342190863,-0.45237238947014813,-0.30916483931697647,1.2472413056989002,72,hot,5.1
195,56265,pod_b,fly,orange,low,0.9436316862762427,0.7620580921092238,1.514845755771558,0.2303821520080771,94,hot,5.1
196,34915,pod_b,fly,turnip,low,0.8085444715765542,-1.3252442981053218,-0.547079264763307,0.7388117288534887,32,cold,5.1
197,51859,pod_b,fly,orange,low,0.6396854532019434,-0.034911911427239026,0.8011024794325662,0.2303821520080771,82,cold,5.1
198,38307,pod_b,ostrich,fish,high,1.5515241524248415,1.5590280956456868,1.7527601812178886,-1.6338596297584318,50,hot,5.1
199,79461,pod_b,swan,turnip,low,1.1462625083257756,0.0789409462208271,-1.7366513919949598,-0.2780474248373344,38,cold,5.1
200,83671,pod_b,swan,orange,coconut,1.450208741400075,-0.41442143692079275,-0.8642984986917478,0.39985867762321425,72,cold,5.1
201,83847,pod_b,swan,orange,low,1.0787189009759313,-0.2626176267233713,1.5941505642536682,0.7388117288534887,69,hot,5.1
202,51298,pod_b,swan,orange,coconut,0.9774034899511649,-1.5909009659508093,-0.6263840732454172,-1.2949065785281575,98,cold,5.1
203,57660,pod_b,swan,orange,low,0.8423162752514762,0.19279380386889322,0.0873592030935745,1.2472413056989002,99,cold,5.1
204,92187,pod_b,swan,orange,medium,0.8085444715765542,0.49640142426373624,-0.46777445628119685,0.5693352032383514,91,cold,5.1
205,94281,pod_b,walrus,melon,low,-0.47478406807048756,0.8379599972079346,-0.07125041387064587,1.7556708825443117,29,cold,5.1
206,18866,pod_b,walrus,orange,low,1.011175293626087,-1.6668028710495202,-0.46777445628119685,1.5861943569291745,66,cold,5.1
207,89964,pod_b,walrus,orange,medium,-1.048904730544164,0.7241071395598685,1.2769313303252274,1.4167178313140374,74,cold,5.1
208,8847,pod_b,walrus,orange,medium,-0.23838144234603253,0.5343523768130916,0.721797670950456,1.2472413056989002,98,hot,5.1
209,57179,pod_b,walrus,orange,low,0.16688020175303328,-0.41442143692079275,0.9597120963967866,1.5861943569291745,61,hot,5.1
210,42879,pod_b,walrus,fish,low,1.044947097301009,0.11689189877018247,-0.7849936902096376,1.5861943569291745,81,cold,5.1
211,55917,pod_b,walrus,orange,low,0.26819561277779974,0.8379599972079346,0.4838832455041255,1.4167178313140374,92,hot,5.1
212,6129,pod_c,bat,peach,low,-1.6567971966927628,-0.8318819149637019,0.4045784370220153,-0.4475239504524716,85,hot,3.4
213,37822,pod_c,bat,apple,coconut,-1.048904730544164,-1.249342393006611,-1.2608225411022986,-1.2949065785281575,41,cold,3.4
214,52507,pod_c,bat,banana,high,1.2813497230254642,1.9764885736885958,1.514845755771558,1.4167178313140374,56,cold,3.4
215,62602,pod_c,bat,peach,high,-1.7243408040426071,-0.9077838200624126,-0.547079264763307,0.39985867762321425,88,hot,3.4
216,79665,pod_c,bat,peach,low,0.6734572568768655,-0.0728628639765944,-0.46777445628119685,-0.6170004760676088,43,hot,3.4
217,79739,pod_c,bat,peach,coconut,1.3826651340502307,-1.3631952506546772,1.118321713361007,1.2472413056989002,28,hot,3.4
218,61301,pod_c,bat,peach,low,0.13310839807811112,-0.3005685792727266,-1.419432158066519,0.5693352032383514,53,hot,3.4
219,45875,pod_c,bat,peach,low,-0.9813611231943198,-0.6421271522169251,1.2769313303252274,-1.2949065785281575,87,hot,3.4
220,64210,pod_c,bat,peach,low,-0.576099479095254,-0.3005685792727266,0.8804072879146764,0.7388117288534887,67,hot,3.4
221,68351,pod_c,bat,fish,coconut,1.416436937725153,0.45845047171438086,0.8804072879146764,-0.10857089922219726,31,cold,3.4
222,33444,pod_c,bat,peach,coconut,-0.03575062029649962,0.30664666151695935,-0.22986003083486625,-0.7864770016827459,59,hot,3.4
223,63034,pod_c,bat,peach,coconut,-0.10329422764634393,0.268695708967604,-1.6573465835128496,-0.9559535272978831,72,hot,3.4
224,59265,pod_c,bat,peach,low,1.4839805450749972,-0.8698328675130572,-0.943603307173858,0.06090562639293992,64,hot,3.4
225,77274,pod_c,bat,peach,high,-1.4541663746432298,0.9518128548560008,-0.07125041387064587,-0.6170004760676088,74,hot,3.4
226,77241,pod_c,bat,peach,low,1.0787189009759313,0.04098999367147172,1.514845755771558,-1.4643831041432946,50,hot,3.4
227,91634,pod_c,bat,peach,high,-0.9475893195193977,-0.18671572162466052,-0.943603307173858,-1.4643831041432946,86,hot,3.4
228,75839,pod_c,bat,melon,low,1.3151215267003864,1.293371427800199,-1.1815177326201884,0.9082882544686258,60,cold,3.4
229,28315,pod_c,bat,peach,coconut,-0.6436430864450984,-0.8698328675130572,-0.8642984986917478,-1.4643831041432946,64,hot,3.4
230,73560,pod_c,bat,peach,coconut,-0.7449584974698648,-0.14876476907530514,0.0873592030935745,-0.6170004760676088,38,hot,3.4
231,56133,pod_c,bat,apple,medium,0.9098598826013206,0.15484285131953784,-0.07125041387064587,1.2472413056989002,41,cold,3.4
232,40177,pod_c,bat,peach,high,-0.6098712827701762,-0.9836857251611234,-1.3401273495844088,1.2472413056989002,27,hot,3.4
233,45799,pod_c,bat,peach,coconut,0.06556479072826683,-0.2246666741740159,-1.419432158066519,1.2472413056989002,68,hot,3.4
234,2628,pod_c,bat,peach,coconut,-1.3866227672933857,-1.5149990608520987,-1.4987369665486292,-1.2949065785281575,66,hot,3.4
235,48266,pod_c,bat,peach,low,1.416436937725153,-0.6041761996675696,1.5941505642536682,-1.2949065785281575,69,hot,3.4
236,63385,pod_c,bat,peach,high,-1.6230253930178407,0.45845047171438086,0.4045784370220153,-0.6170004760676088,65,hot,3.4
237,65807,pod_c,bat,peach,high,1.5515241524248415,0.0789409462208271,0.0873592030935745,-0.7864770016827459,64,hot,3.4
238,71857,pod_c,bat,peach,high,-0.6774148901200204,-0.3764704843714374,-0.6263840732454172,-1.2949065785281575,84,hot,3.4
239,84327,pod_c,bat,peach,coconut,0.3019674164527219,0.0789409462208271,-1.022908115655968,-0.4475239504524716,37,hot,3.4
240,3461,pod_c,bat,peach,high,-0.10329422764634393,1.2174695227014882,0.5631880539862356,1.4167178313140374,30,hot,3.4
241,22588,pod_c,bat,peach,low,-0.33969685337079897,-1.552950013401454,0.721797670950456,-0.4475239504524716,45,hot,3.4
242,91218,pod_c,bat,peach,coconut,-0.4410122643955654,-1.2113914404572557,-0.15055522235275606,0.5693352032383514,47,hot,3.4
243,6850,pod_c,bat,peach,high,-0.7111866937949426,0.572303329362447,0.4838832455041255,0.9082882544686258,71,hot,3.4
244,57170,pod_c,bat,peach,coconut,-0.8125021048197091,-0.5662252471182143,-0.943603307173858,1.4167178313140374,44,hot,3.4
245,98302,pod_c,bat,peach,high,1.3151215267003864,-1.3252442981053218,0.9597120963967866,-0.10857089922219726,88,cold,3.4
246,86646,pod_c,bat,fish,high,-0.9138175158444756,-0.9077838200624126,1.118321713361007,-1.4643831041432946,81,cold,3.4
247,72153,pod_c,bat,peach,high,-1.4203945709683077,-0.2246666741740159,1.5941505642536682,-0.2780474248373344,87,hot,3.4
248,90874,pod_c,bat,peach,low,-0.6774148901200204,-1.0216366777104788,-0.46777445628119685,-0.9559535272978831,32,hot,3.4
249,95180,pod_c,bat,peach,high,1.450208741400075,1.4451752379976206,-1.1022129241380783,1.4167178313140374,89,hot,3.4
250,52179,pod_c,bat,peach,low,-0.9813611231943198,0.49640142426373624,1.3562361388073376,-0.10857089922219726,39,hot,3.4
251,33197,pod_c,bat,peach,coconut,0.20065200542795544,-0.7939309624143466,0.8011024794325662,0.39985867762321425,70,hot,3.4
252,84698,pod_c,bat,peach,coconut,1.2813497230254642,0.8379599972079346,1.0390169048788969,1.4167178313140374,52,cold,3.4
253,16399,pod_c,bat,peach,low,-1.3866227672933857,0.0789409462208271,-0.30916483931697647,-1.1254300529130203,74,hot,3.4
254,34593,pod_c,bat,orange,high,0.8085444715765542,1.065665712504067,1.3562361388073376,-0.7864770016827459,84,cold,3.4
255,78792,pod_c,beetle,peach,coconut,1.3826651340502307,0.3825485666156701,1.2769313303252274,1.2472413056989002,62,cold,3.4
256,82546,pod_c,beetle,orange,coconut,-1.217763748918775,-0.5662252471182143,0.1666640115756847,0.06090562639293992,89,cold,3.4
257,17064,pod_c,cat,fish,low,-0.20460963867111037,-0.4903233420195035,0.9597120963967866,-1.6338596297584318,33,cold,3.4
258,15533,pod_c,dog,banana,medium,-0.9138175158444756,1.9385376211392404,0.721797670950456,-1.4643831041432946,55,cold,3.4
259,21726,pod_c,ostrich,peach,medium,1.5515241524248415,1.5590280956456868,1.7527601812178886,1.4167178313140374,50,hot,3.4
260,63813,pod_c,aardvark,peach,medium,1.5515241524248415,-1.0595876302598342,-1.1022129241380783,-1.4643831041432946,84,cold,5.1
261,12076,pod_c,bat,melon,low,-1.3866227672933857,1.483126190546976,0.5631880539862356,-1.1254300529130203,58,cold,5.1
262,29565,pod_c,bat,peach,coconut,0.40328282747748834,-0.18671572162466052,-0.547079264763307,0.7388117288534887,38,hot,5.1
263,65909,pod_c,bat,peach,low,-1.4203945709683077,0.4204995191650255,-1.6573465835128496,0.06090562639293992,66,hot,5.1
264,65206,pod_c,bat,peach,low,-1.7581126077175293,0.3825485666156701,0.8804072879146764,1.0777647800837629,33,hot,5.1
265,93795,pod_c,bat,peach,coconut,-1.251535552593697,-0.0728628639765944,-0.07125041387064587,-0.9559535272978831,33,hot,5.1
266,66852,pod_c,bat,peach,low,0.8085444715765542,1.483126190546976,0.4838832455041255,-1.2949065785281575,27,hot,5.1
267,49771,pod_c,bat,peach,coconut,0.572141845852099,-1.4011462032040325,-1.419432158066519,1.0777647800837629,61,hot,5.1
268,42426,pod_c,bat,peach,high,0.8423162752514762,1.3692733328989097,0.6424928624683458,-1.4643831041432946,67,hot,5.1
269,29113,pod_c,bat,peach,high,1.1124907046508534,0.11689189877018247,0.5631880539862356,-0.4475239504524716,76,hot,5.1
270,38685,pod_c,bat,peach,low,0.06556479072826683,-0.45237238947014813,-1.1815177326201884,0.2303821520080771,90,hot,5.1
271,3052,pod_c,bat,peach,high,0.7072290605517877,-0.0728628639765944,-0.7056888817275274,-1.6338596297584318,87,hot,5.1
272,67690,pod_c,bat,peach,high,0.16688020175303328,0.572303329362447,0.3252736285399051,0.9082882544686258,55,cold,5.1
273,35580,pod_c,bat,melon,coconut,-1.251535552593697,-1.0216366777104788,-1.2608225411022986,1.2472413056989002,49,cold,5.1
274,18944,pod_c,bat,peach,coconut,0.774772667901632,0.268695708967604,-0.8642984986917478,-0.7864770016827459,77,hot,5.1
275,60497,pod_c,bat,apple,coconut,-0.6098712827701762,-1.6668028710495202,-0.22986003083486625,0.2303821520080771,35,cold,5.1
276,5676,pod_c,bat,peach,low,-0.9138175158444756,1.065665712504067,1.0390169048788969,0.2303821520080771,72,hot,5.1
277,60168,pod_c,bat,peach,medium,-0.6098712827701762,-1.0216366777104788,0.8011024794325662,-1.6338596297584318,49,cold,5.1
278,21548,pod_c,bat,peach,coconut,0.335739220127644,-0.3764704843714374,-0.7056888817275274,-1.6338596297584318,55,hot,5.1
279,99077,pod_c,bat,peach,low,-1.6230253930178407,0.9897638074053561,-0.22986003083486625,1.2472413056989002,39,hot,5.1
280,44107,pod_c,bat,turnip,medium,1.3488933303753086,-1.6288519185001649,-1.022908115655968,-1.2949065785281575,89,cold,5.1
281,95549,pod_c,bat,turnip,high,-0.06952242397142178,0.49640142426373624,-1.7366513919949598,1.2472413056989002,68,cold,5.1
282,78181,pod_c,bat,peach,low,-1.5892535893429185,-1.5149990608520987,1.1976265218431172,1.4167178313140374,37,hot,5.1
283,74370,pod_c,bat,peach,low,0.13310839807811112,-1.6668028710495202,-1.2608225411022986,-0.7864770016827459,40,hot,5.1
284,58576,pod_c,bat,peach,high,-0.10329422764634393,-0.8698328675130572,0.5631880539862356,-0.6170004760676088,73,hot,5.1
285,48482,pod_c,bat,peach,coconut,0.572141845852099,0.5343523768130916,-1.1022129241380783,-0.6170004760676088,41,hot,5.1
286,19273,pod_c,bat,peach,coconut,-0.10329422764634393,0.11689189877018247,-0.943603307173858,0.39985867762321425,91,hot,5.1
287,27117,pod_c,bat,peach,high,-0.23838144234603253,0.11689189877018247,0.9597120963967866,0.7388117288534887,55,hot,5.1
288,32230,pod_c,bat,banana,high,0.7072290605517877,2.090341431336662,-1.4987369665486292,-0.10857089922219726,64,cold,5.1
289,99132,pod_c,bat,peach,coconut,-0.5085558717454097,-0.11081381652594978,1.5941505642536682,0.9082882544686258,75,hot,5.1
290,22018,pod_c,bat,peach,low,-1.1839919452438528,-1.4770481083027434,-0.15055522235275606,1.4167178313140374,57,hot,5.1
291,96933,pod_c,bat,peach,high,-1.4203945709683077,-0.2246666741740159,0.3252736285399051,1.2472413056989002,84,hot,5.1
292,92463,pod_c,bat,peach,high,1.011175293626087,-0.945734772611768,1.118321713361007,1.0777647800837629,32,hot,5.1
293,83784,pod_c,bat,peach,low,0.4370546311524105,-1.0216366777104788,-0.7056888817275274,0.5693352032383514,88,hot,5.1
294,75477,pod_c,bat,peach,high,-1.6230253930178407,-1.6288519185001649,-0.8642984986917478,-1.6338596297584318,80,hot,5.1
295,89342,pod_c,bat,peach,coconut,-0.9475893195193977,0.6861561870105131,0.4838832455041255,0.06090562639293992,32,hot,5.1
296,11566,pod_c,bat,peach,high,0.335739220127644,0.9518128548560008,0.3252736285399051,1.0777647800837629,91,hot,5.1
297,54062,pod_c,bat,peach,coconut,-1.487938178318152,1.1036166650534223,-1.5780417750307394,0.9082882544686258,44,hot,5.1
298,57162,pod_c,bat,orange,low,1.5177523487499194,0.5343523768130916,-1.1815177326201884,0.5693352032383514,85,cold,5.1
299,50770,pod_c,bat,peach,coconut,-1.5217099819930742,0.572303329362447,1.1976265218431172,-1.6338596297584318,79,hot,5.1
300,58149,pod_c,bat,peach,high,-1.3866227672933857,0.87591094975729,-0.943603307173858,-1.1254300529130203,86,hot,5.1
301,30208,pod_c,bat,peach,high,-1.5892535893429185,-0.034911911427239026,0.5631880539862356,1.0777647800837629,28,cold,5.1
302,95192,pod_c,bat,peach,low,1.3151215267003864,0.8379599972079346,-1.022908115655968,0.39985867762321425,64,hot,5.1
303,63649,pod_c,bat,peach,coconut,-1.2853073562686192,-0.11081381652594978,-1.1022129241380783,0.7388117288534887,55,hot,5.1
304,27749,pod_c,fly,orange,coconut,-0.6436430864450984,1.1415676176027776,0.5631880539862356,0.9082882544686258,92,cold,5.1
305,26200,pod_c,fly,melon,low,-0.03575062029649962,-1.249342393006611,1.2769313303252274,-1.6338596297584318,40,cold,5.1
306,88981,pod_c,ostrich,orange,low,1.5515241524248415,1.5590280956456868,1.7527601812178886,0.06090562639293992,50,cold,5.1
307,40795,pod_c,swan,apple,low,1.5515241524248415,0.15484285131953784,0.008054394611464316,1.2472413056989002,72,cold,5.1
308,12471,pod_c,walrus,fish,low,-0.5085558717454097,-1.6668028710495202,0.9597120963967866,1.7556708825443117,67,cold,5.1
309,54996,pod_c,walrus,turnip,medium,0.9098598826013206,-0.4903233420195035,-0.943603307173858,1.4167178313140374,30,cold,5.1
310,5993,pod_d,bat,turnip,medium,-1.0826765342190863,-0.41442143692079275,-0.30916483931697647,-0.4475239504524716,39,cold,3.4
311,46770,pod_d,beetle,turnip,medium,0.9774034899511649,1.179518570152133,0.4838832455041255,-0.9559535272978831,35,cold,3.4
312,50016,pod_d,beetle,fish,medium,-0.7449584974698648,0.6102542819118023,1.1976265218431172,-1.1254300529130203,71,cold,3.4
313,38747,pod_d,cat,orange,medium,0.8423162752514762,-0.8698328675130572,0.4045784370220153,-1.4643831041432946,87,cold,3.4
314,47409,pod_d,dog,apple,medium,0.4370546311524105,-1.0216366777104788,1.3562361388073376,0.7388117288534887,65,cold,3.4
315,13014,pod_d,fly,peach,medium,0.9436316862762427,-1.3631952506546772,1.911369798182109,1.0777647800837629,52,cold,3.4
316,70757,pod_d,ostrich,apple,coconut,1.5515241524248415,1.5590280956456868,1.7527601812178886,1.4167178313140374,50,cold,3.4
317,13719,pod_d,ostrich,turnip,high,1.5515241524248415,1.5590280956456868,1.7527601812178886,0.06090562639293992,50,cold,3.4
318,53693,pod_d,swan,melon,medium,0.6734572568768655,0.268695708967604,-1.1815177326201884,0.2303821520080771,42,cold,3.4
319,20097,pod_d,walrus,banana,medium,0.538370042177177,1.3692733328989097,0.24596882005779488,1.4167178313140374,51,hot,3.4
320,87423,pod_d,aardvark,turnip,medium,-0.9475893195193977,-0.8698328675130572,-1.1815177326201884,0.5693352032383514,26,cold,5.1
321,26772,pod_d,aardvark,turnip,medium,-1.251535552593697,0.9138619023066453,0.8011024794325662,1.0777647800837629,28,cold,5.1
322,49249,pod_d,aardvark,turnip,medium,1.1462625083257756,-0.8318819149637019,-0.15055522235275606,-1.1254300529130203,43,cold,5.1
323,5637,pod_d,aardvark,turnip,medium,0.774772667901632,0.11689189877018247,-1.1022129241380783,1.2472413056989002,42,cold,5.1
324,89578,pod_d,aardvark,turnip,medium,-0.4072404607206433,0.04098999367147172,-1.3401273495844088,-0.2780474248373344,31,cold,5.1
325,62151,pod_d,aardvark,turnip,low,0.9098598826013206,1.2174695227014882,0.8011024794325662,-0.2780474248373344,42,cold,5.1
326,80493,pod_d,aardvark,turnip,medium,-1.048904730544164,0.6102542819118023,-0.15055522235275606,0.7388117288534887,27,cold,5.1
327,34512,pod_d,aardvark,turnip,medium,0.3695110238025662,-0.338519531822082,1.0390169048788969,-1.1254300529130203,34,cold,5.1
328,95394,pod_d,aardvark,turnip,medium,0.40328282747748834,0.2307447564182486,0.1666640115756847,0.06090562639293992,26,cold,5.1
329,66023,pod_d,aardvark,turnip,medium,-1.3528509636184636,-0.4903233420195035,0.6424928624683458,0.9082882544686258,44,cold,5.1
330,53403,pod_d,aardvark,turnip,medium,-0.4410122643955654,0.6861561870105131,1.3562361388073376,0.9082882544686258,22,cold,5.1
331,53856,pod_d,aardvark,turnip,medium,1.0787189009759313,-0.2246666741740159,-0.30916483931697647,-0.4475239504524716,26,cold,5.1
332,91399,pod_d,aardvark,turnip,medium,-1.7581126077175293,1.1036166650534223,0.0873592030935745,-1.2949065785281575,39,cold,5.1
333,43485,pod_d,bat,turnip,medium,0.335739220127644,0.8379599972079346,0.24596882005779488,1.0777647800837629,23,cold,5.1
334,2374,pod_d,bat,turnip,medium,0.5045982385022548,-1.3631952506546772,1.2769313303252274,0.7388117288534887,30,cold,5.1
335,72400,pod_d,bat,turnip,medium,1.450208741400075,-1.552950013401454,0.1666640115756847,0.7388117288534887,44,cold,5.1
336,47452,pod_d,bat,turnip,medium,-0.4410122643955654,-1.1734404879079003,-1.7366513919949598,-1.1254300529130203,40,cold,5.1
337,69437,pod_d,bat,turnip,high,-0.7787303011447869,-0.3005685792727266,0.4838832455041255,-0.10857089922219726,31,cold,5.1
338,33420,pod_d,bat,turnip,medium,-1.4203945709683077,-0.7939309624143466,-0.943603307173858,1.0777647800837629,41,cold,5.1
339,52099,pod_d,bat,turnip,medium,-1.7243408040426071,1.0277147599547114,-1.419432158066519,-1.6338596297584318,29,cold,5.1
340,39907,pod_d,bat,turnip,coconut,-1.3190791599435414,-0.2626176267233713,-0.943603307173858,-1.2949065785281575,27,cold,5.1
341,40166,pod_d,bat,turnip,medium,-0.576099479095254,1.065665712504067,-0.7056888817275274,-1.2949065785281575,21,cold,5.1
342,65081,pod_d,bat,turnip,medium,0.538370042177177,-1.4390971557533878,-0.22986003083486625,0.9082882544686258,20,cold,5.1
343,94684,pod_d,bat,turnip,medium,-0.7111866937949426,1.3692733328989097,-1.4987369665486292,1.2472413056989002,34,cold,5.1
344,72217,pod_d,bat,turnip,medium,1.011175293626087,-1.5149990608520987,1.3562361388073376,-1.2949065785281575,35,cold,5.1
345,45220,pod_d,beetle,turnip,medium,0.8760880789263984,1.3313223803495544,-1.1022129241380783,-1.1254300529130203,40,hot,5.1
346,99439,pod_d,beetle,turnip,medium,-1.251535552593697,0.9897638074053561,-0.6263840732454172,0.7388117288534887,22,cold,5.1
347,96173,pod_d,beetle,turnip,medium,-1.690569000367685,0.7620580921092238,1.3562361388073376,0.06090562639293992,37,cold,5.1
348,69815,pod_d,beetle,turnip,medium,-0.9813611231943198,-0.8318819149637019,0.0873592030935745,-0.4475239504524716,44,cold,5.1
349,63901,pod_d,beetle,turnip,medium,-0.6098712827701762,0.7620580921092238,0.5631880539862356,1.0777647800837629,21,cold,5.1
350,12586,pod_d,beetle,turnip,medium,-0.6436430864450984,0.9138619023066453,-0.547079264763307,0.2303821520080771,44,cold,5.1
351,78217,pod_d,beetle,turnip,coconut,-0.20460963867111037,-1.249342393006611,-0.07125041387064587,0.5693352032383514,34,cold,5.1
352,92645,pod_d,beetle,turnip,medium,-1.217763748918775,1.483126190546976,-0.46777445628119685,-1.1254300529130203,24,cold,5.1
353,68494,pod_d,beetle,turnip,medium,-0.9475893195193977,-1.552950013401454,-0.547079264763307,0.39985867762321425,44,cold,5.1
354,81425,pod_d,beetle,peach,medium,-1.487938178318152,-0.5282742945688589,1.0390169048788969,-1.1254300529130203,99,cold,5.1
355,14442,pod_d,cat,turnip,medium,-1.4541663746432298,-0.8698328675130572,-0.943603307173858,-1.6338596297584318,38,cold,5.1
356,60408,pod_d,cat,turnip,medium,1.4839805450749972,0.4204995191650255,0.6424928624683458,0.06090562639293992,39,cold,5.1
357,21666,pod_d,cat,turnip,medium,-1.4541663746432298,-1.0595876302598342,0.6424928624683458,-1.6338596297584318,30,cold,5.1
358,17147,pod_d,cat,turnip,medium,-1.1839919452438528,-1.1354895353585448,-0.38846964779908666,0.7388117288534887,35,cold,5.1
359,25792,pod_d,cat,turnip,medium,1.3488933303753086,1.293371427800199,0.1666640115756847,0.9082882544686258,42,cold,5.1
360,65860,pod_d,cat,turnip,low,1.4839805450749972,-1.0975385828091895,-1.6573465835128496,-0.9559535272978831,40,cold,5.1
361,41758,pod_d,cat,turnip,medium,-1.1839919452438528,1.2174695227014882,0.5631880539862356,-0.6170004760676088,39,cold,5.1
362,40541,pod_d,cat,turnip,medium,-1.3866227672933857,0.6482052344611577,-0.22986003083486625,1.0777647800837629,21,cold,5.1
363,43260,pod_d,cat,turnip,high,1.247577919350542,-0.8318819149637019,-0.6263840732454172,-1.4643831041432946,36,cold,5.1
364,43090,pod_d,cat,turnip,medium,-0.7449584974698648,0.0789409462208271,0.0873592030935745,-1.6338596297584318,28,cold,5.1
365,1606,pod_d,cat,turnip,medium,0.572141845852099,-0.7939309624143466,-0.547079264763307,0.7388117288534887,34,cold,5.1
366,83922,pod_d,cat,turnip,medium,0.774772667901632,0.6482052344611577,0.8011024794325662,-1.2949065785281575,44,cold,5.1
367,8660,pod_d,dog,turnip,coconut,-1.7918844113924515,-1.5149990608520987,1.118321713361007,1.4167178313140374,26,cold,5.1
368,85646,pod_d,dog,turnip,medium,-0.0019788166215774696,-1.6668028710495202,-0.30916483931697647,0.2303821520080771,39,cold,5.1
369,14734,pod_d,dog,turnip,medium,-0.8125021048197091,-1.2872933455559663,-0.943603307173858,-0.10857089922219726,31,cold,5.1
370,68805,pod_d,dog,turnip,medium,1.011175293626087,-0.14876476907530514,1.3562361388073376,0.5693352032383514,38,cold,5.1
371,92782,pod_d,dog,turnip,medium,-0.13706603132126607,-1.1354895353585448,-1.419432158066519,0.7388117288534887,28,cold,5.1
372,41481,pod_d,dog,turnip,medium,-0.06952242397142178,1.1036166650534223,-0.7849936902096376,-1.6338596297584318,35,cold,5.1
373,20550,pod_d,dog,turnip,medium,0.774772667901632,-1.6288519185001649,0.4838832455041255,-1.4643831041432946,34,cold,5.1
374,47495,pod_d,dog,turnip,medium,-1.5554817856679963,1.3313223803495544,-0.943603307173858,1.0777647800837629,22,cold,5.1
375,10111,pod_d,dog,turnip,medium,0.26819561277779974,1.293371427800199,-0.15055522235275606,0.39985867762321425,39,cold,5.1
376,21666,pod_d,dog,turnip,medium,-0.576099479095254,-1.3631952506546772,-0.547079264763307,0.39985867762321425,43,cold,5.1
377,79941,pod_d,dog,turnip,medium,0.06556479072826683,-0.6800781047662804,-1.1022129241380783,-0.10857089922219726,23,cold,5.1
378,35083,pod_d,fly,turnip,medium,1.21380611567562,-0.034911911427239026,1.7527601812178886,0.39985867762321425,43,cold,5.1
379,46197,pod_d,fly,turnip,medium,0.20065200542795544,1.293371427800199,1.514845755771558,-0.9559535272978831,33,cold,5.1
380,63348,pod_d,fly,turnip,medium,-0.23838144234603253,0.2307447564182486,1.6734553727357784,-0.2780474248373344,33,cold,5.1
381,53648,pod_d,fly,turnip,medium,-1.5217099819930742,1.179518570152133,2.1492842236284395,0.7388117288534887,42,cold,5.1
382,82654,pod_d,fly,turnip,medium,0.40328282747748834,-0.338519531822082,1.8320649896999988,-1.1254300529130203,32,cold,5.1
383,59927,pod_d,fly,turnip,high,-0.20460963867111037,-0.5662252471182143,1.514845755771558,0.7388117288534887,26,cold,5.1
384,1749,pod_d,fly,turnip,medium,-1.7243408040426071,-1.249342393006611,2.0699794151463293,0.06090562639293992,31,cold,5.1
385,79705,pod_d,fly,turnip,medium,-1.4541663746432298,-0.9836857251611234,1.4355409472894478,1.4167178313140374,44,cold,5.1
386,1265,pod_d,fly,turnip,low,0.16688020175303328,0.572303329362447,2.0699794151463293,0.7388117288534887,43,hot,5.1
387,70000,pod_d,fly,turnip,medium,0.06556479072826683,-0.8698328675130572,1.514845755771558,-1.2949065785281575,34,cold,5.1
388,66243,pod_d,fly,turnip,medium,-0.6436430864450984,1.065665712504067,1.6734553727357784,1.0777647800837629,44,cold,5.1
389,5807,pod_d,fly,turnip,medium,-0.23838144234603253,1.4451752379976206,1.3562361388073376,0.2303821520080771,42,cold,5.1
390,86536,pod_d,swan,turnip,medium,1.416436937725153,0.6102542819118023,0.0873592030935745,-0.10857089922219726,37,cold,5.1
391,10738,pod_d,swan,turnip,medium,0.8085444715765542,1.1036166650534223,-0.22986003083486625,-0.9559535272978831,21,cold,5.1
392,85078,pod_d,swan,turnip,medium,1.1800343120006977,0.9138619023066453,-1.3401273495844088,-0.6170004760676088,35,cold,5.1
393,77118,pod_d,swan,turnip,medium,1.4839805450749972,-0.9077838200624126,-1.1022129241380783,-1.6338596297584318,25,cold,5.1
394,29442,pod_d,swan,turnip,medium,1.3151215267003864,1.3313223803495544,-1.419432158066519,0.2303821520080771,30,cold,5.1
395,11168,pod_d,swan,turnip,medium,0.774772667901632,1.3692733328989097,0.721797670950456,-0.7864770016827459,28,cold,5.1
396,85895,pod_d,swan,turnip,low,0.9436316862762427,-1.1354895353585448,1.2769313303252274,1.0777647800837629,43,cold,5.1
397,45126,pod_d,swan,turnip,medium,1.5177523487499194,0.19279380386889322,-1.4987369665486292,1.0777647800837629,32,cold,5.1
398,31997,pod_d,swan,turnip,medium,0.9774034899511649,-1.5909009659508093,-0.30916483931697647,-0.4475239504524716,31,cold,5.1
399,17384,pod_d,swan,turnip,medium,1.450208741400075,0.3825485666156701,-0.22986003083486625,-1.6338596297584318,40,cold,5.1
400,34506,pod_d,swan,turnip,medium,1.0787189009759313,1.2554204752508438,-0.547079264763307,-0.7864770016827459,25,cold,5.1
401,57489,pod_d,walrus,turnip,medium,-0.9475893195193977,1.1415676176027776,0.721797670950456,1.5861943569291745,37,cold,5.1
402,1042,pod_d,walrus,turnip,medium,-0.6774148901200204,0.5343523768130916,-0.8642984986917478,1.5861943569291745,40,cold,5.1
403,15691,pod_d,walrus,turnip,medium,1.011175293626087,0.49640142426373624,-0.943603307173858,1.4167178313140374,41,cold,5.1
404,18441,pod_d,walrus,turnip,medium,-0.13706603132126607,-0.945734772611768,0.4045784370220153,1.5861943569291745,19,cold,5.1
405,75417,pod_d,walrus,turnip,medium,0.06556479072826683,1.4072242854482653,0.008054394611464316,1.7556708825443117,44,cold,5.1
406,52222,pod_d,walrus,turnip,medium,0.8085444715765542,-0.5662252471182143,-0.15055522235275606,1.5861943569291745,29,cold,5.1
407,42002,pod_d,walrus,turnip,high,0.20065200542795544,-1.6288519185001649,1.118321713361007,1.5861943569291745,31,cold,5.1
408,78963,pod_d,walrus,turnip,medium,-1.6230253930178407,-1.6668028710495202,0.8804072879146764,1.7556708825443117,33,cold,5.1
409,41707,pod_d,walrus,turnip,coconut,0.8085444715765542,-0.14876476907530514,0.008054394611464316,1.4167178313140374,21,cold,5.1
410,47271,pod_d,walrus,turnip,medium,-0.47478406807048756,-0.4903233420195035,0.24596882005779488,1.7556708825443117,37,cold,5.1
411,32563,pod_d,walrus,turnip,medium,-1.7243408040426071,-0.3005685792727266,-0.15055522235275606,1.2472413056989002,44,cold,5.1
412,33206,pod_d,walrus,turnip,medium,-1.2853073562686192,-0.9836857251611234,1.0390169048788969,1.5861943569291745,24,cold,5.1
413,58234,pod_e,aardvark,melon,medium,0.572141845852099,-0.4903233420195035,1.1976265218431172,-1.4643831041432946,43,cold,3.4
414,68928,pod_e,aardvark,melon,medium,1.450208741400075,0.8000090446585792,-1.7366513919949598,0.39985867762321425,71,hot,3.4
415,68407,pod_e,aardvark,melon,medium,1.011175293626087,-1.0216366777104788,0.3252736285399051,-0.6170004760676088,52,cold,3.4
416,42940,pod_e,aardvark,melon,medium,1.5177523487499194,-0.0728628639765944,-0.15055522235275606,-1.6338596297584318,73,cold,3.4
417,83645,pod_e,aardvark,melon,medium,-0.4072404607206433,-0.3005685792727266,1.4355409472894478,-1.1254300529130203,36,hot,3.4
418,785,pod_e,aardvark,melon,low,-1.015132926869242,0.8000090446585792,1.2769313303252274,0.7388117288534887,34,cold,3.4
419,5626,pod_e,aardvark,melon,medium,0.6396854532019434,-1.6668028710495202,0.6424928624683458,1.2472413056989002,40,hot,3.4
420,74818,pod_e,aardvark,apple,low,0.23442380910287758,1.2174695227014882,0.721797670950456,-0.6170004760676088,91,cold,3.4
421,18398,pod_e,aardvark,melon,medium,0.4708264348273326,0.19279380386889322,-0.547079264763307,0.5693352032383514,37,hot,3.4
422,29805,pod_e,aardvark,melon,medium,0.26819561277779974,-1.5909009659508093,-1.5780417750307394,0.7388117288534887,44,cold,3.4
423,17139,pod_e,aardvark,melon,medium,0.4370546311524105,-1.5909009659508093,-0.547079264763307,0.39985867762321425,75,hot,3.4
424,1965,pod_e,aardvark,melon,medium,-0.8800457121695534,0.45845047171438086,-0.15055522235275606,-0.10857089922219726,29,cold,3.4
425,98845,pod_e,aardvark,melon,coconut,-0.5423276754203319,-0.6800781047662804,0.9597120963967866,-1.6338596297584318,85,hot,3.4
426,51674,pod_e,bat,turnip,high,-0.10329422764634393,1.3692733328989097,0.3252736285399051,1.0777647800837629,64,cold,3.4
427,36793,pod_e,dog,melon,coconut,-0.6774148901200204,1.4451752379976206,0.3252736285399051,1.0777647800837629,64,cold,3.4
428,42003,pod_e,dog,banana,high,0.9774034899511649,1.786733810941819,1.0390169048788969,-1.2949065785281575,81,hot,3.4
429,78480,pod_e,fly,banana,high,-1.4541663746432298,1.4451752379976206,-1.5780417750307394,-0.6170004760676088,80,hot,3.4
430,96034,pod_e,fly,fish,low,1.1124907046508534,0.3825485666156701,-1.7366513919949598,0.2303821520080771,81,cold,3.4
431,4477,pod_e,ostrich,fish,coconut,1.5515241524248415,1.5590280956456868,1.7527601812178886,0.7388117288534887,50,cold,3.4
432,23727,pod_e,ostrich,banana,low,1.5515241524248415,1.5590280956456868,1.7527601812178886,1.0777647800837629,50,cold,3.4
433,82457,pod_e,walrus,fish,coconut,-0.2721532460209547,-0.4903233420195035,-0.943603307173858,1.2472413056989002,34,cold,3.4
434,95604,pod_e,aardvark,melon,medium,1.1800343120006977,-0.338519531822082,0.4045784370220153,-0.6170004760676088,64,hot,5.1
435,37119,pod_e,aardvark,melon,medium,0.3019674164527219,-1.1734404879079003,0.5631880539862356,0.39985867762321425,74,cold,5.1
436,66329,pod_e,aardvark,melon,medium,0.40328282747748834,1.1036166650534223,-0.547079264763307,0.39985867762321425,41,cold,5.1
437,63040,pod_e,aardvark,melon,medium,0.23442380910287758,-0.3005685792727266,-0.15055522235275606,0.06090562639293992,89,cold,5.1
438,69807,pod_e,aardvark,melon,medium,1.011175293626087,0.9897638074053561,1.514845755771558,-1.6338596297584318,91,cold,5.1
439,60151,pod_e,aardvark,melon,medium,-1.6230253930178407,-0.11081381652594978,1.118321713361007,-1.2949065785281575,65,hot,5.1
440,80858,pod_e,aardvark,melon,medium,0.03179298705334468,0.7241071395598685,0.721797670950456,0.06090562639293992,43,hot,5.1
441,25243,pod_e,aardvark,fish,medium,-0.7111866937949426,-0.8318819149637019,0.8804072879146764,-0.6170004760676088,67,cold,5.1
442,60527,pod_e,aardvark,melon,medium,-0.13706603132126607,-1.5149990608520987,-0.07125041387064587,-1.6338596297584318,62,hot,5.1
443,13808,pod_e,aardvark,melon,medium,0.6734572568768655,-1.1734404879079003,-1.1022129241380783,-0.9559535272978831,54,hot,5.1
444,47796,pod_e,aardvark,melon,medium,-0.03575062029649962,-1.4390971557533878,-0.46777445628119685,0.2303821520080771,27,cold,5.1
445,22344,pod_e,aardvark,melon,medium,-0.03575062029649962,1.1415676176027776,-1.419432158066519,1.2472413056989002,47,hot,5.1
446,31081,pod_e,aardvark,turnip,medium,1.247577919350542,-0.11081381652594978,1.4355409472894478,-0.2780474248373344,43,cold,5.1
447,29545,pod_e,aardvark,melon,medium,1.044947097301009,-0.0728628639765944,-0.15055522235275606,0.5693352032383514,42,cold,5.1
448,73647,pod_e,aardvark,melon,medium,1.011175293626087,0.9518128548560008,-1.2608225411022986,0.06090562639293992,53,hot,5.1
449,94343,pod_e,aardvark,melon,medium,-0.0019788166215774696,-1.249342393006611,1.0390169048788969,-0.10857089922219726,31,hot,5.1
450,54159,pod_e,aardvark,melon,medium,-0.8125021048197091,0.6861561870105131,0.5631880539862356,0.06090562639293992,79,hot,5.1
451,67139,pod_e,aardvark,melon,medium,-0.7787303011447869,0.04098999367147172,-1.1815177326201884,-0.7864770016827459,87,cold,5.1
452,32134,pod_e,aardvark,banana,medium,-1.7581126077175293,1.9005866685898851,-0.22986003083486625,-0.10857089922219726,80,hot,5.1
453,70419,pod_e,aardvark,melon,medium,1.1800343120006977,-1.5909009659508093,-1.4987369665486292,0.2303821520080771,86,hot,5.1
454,54146,pod_e,aardvark,melon,medium,-1.7918844113924515,-0.9836857251611234,0.721797670950456,1.2472413056989002,53,hot,5.1
455,18806,pod_e,aardvark,melon,medium,-0.4410122643955654,1.483126190546976,-1.4987369665486292,-1.6338596297584318,75,hot,5.1
456,38955,pod_e,aardvark,melon,medium,-0.6436430864450984,0.9897638074053561,-0.547079264763307,-0.9559535272978831,42,hot,5.1
457,66758,pod_e,aardvark,melon,medium,-0.7787303011447869,-0.6041761996675696,0.1666640115756847,-0.2780474248373344,71,hot,5.1
458,93518,pod_e,aardvark,melon,medium,-0.4072404607206433,-1.4390971557533878,-0.15055522235275606,0.5693352032383514,35,cold,5.1
459,23241,pod_e,aardvark,melon,medium,-0.03575062029649962,-0.7180290573156358,-1.3401273495844088,0.06090562639293992,80,cold,5.1
460,88951,pod_e,aardvark,melon,medium,-1.3190791599435414,-0.41442143692079275,-0.38846964779908666,-0.7864770016827459,69,hot,5.1
461,48454,pod_e,aardvark,melon,medium,0.6734572568768655,-0.5662252471182143,-0.7056888817275274,-0.7864770016827459,29,cold,5.1
462,1551,pod_e,aardvark,melon,medium,-0.9475893195193977,-0.45237238947014813,-0.7056888817275274,0.5693352032383514,29,cold,5.1
463,97246,pod_e,aardvark,melon,medium,-0.3059250496958768,0.87591094975729,-1.4987369665486292,-0.6170004760676088,33,cold,5.1
464,59870,pod_e,aardvark,melon,medium,-0.9475893195193977,0.8000090446585792,-1.3401273495844088,-0.2780474248373344,78,cold,5.1
465,74953,pod_e,aardvark,melon,medium,1.1124907046508534,-0.7939309624143466,-1.1022129241380783,-1.2949065785281575,55,cold,5.1
466,99933,pod_e,aardvark,melon,medium,0.03179298705334468,1.2554204752508438,-1.2608225411022986,-1.1254300529130203,49,cold,5.1
467,44197,pod_e,aardvark,melon,medium,0.9774034899511649,0.572303329362447,-0.07125041387064587,-0.7864770016827459,84,cold,5.1
468,48003,pod_e,aardvark,melon,medium,-1.1164483378940084,-0.7180290573156358,0.008054394611464316,0.39985867762321425,64,hot,5.1
469,68325,pod_e,aardvark,melon,medium,-1.4541663746432298,-0.18671572162466052,0.4838832455041255,-0.10857089922219726,60,hot,5.1
470,10841,pod_e,aardvark,melon,medium,0.8760880789263984,-1.3631952506546772,-1.7366513919949598,1.0777647800837629,45,hot,5.1
471,11006,pod_e,aardvark,melon,medium,-1.3528509636184636,-1.4011462032040325,0.6424928624683458,0.7388117288534887,46,cold,5.1
472,22246,pod_e,aardvark,melon,medium,-0.576099479095254,0.4204995191650255,-0.547079264763307,0.5693352032383514,42,cold,5.1
473,81444,pod_e,aardvark,melon,medium,-1.1502201415689306,-1.3631952506546772,-0.7056888817275274,-1.2949065785281575,61,cold,5.1
474,91611,pod_e,aardvark,melon,medium,0.8760880789263984,-1.4011462032040325,-0.547079264763307,0.06090562639293992,53,hot,5.1
475,71199,pod_e,aardvark,melon,medium,-1.2853073562686192,1.1036166650534223,1.514845755771558,0.7388117288534887,52,cold,5.1
476,66285,pod_e,aardvark,orange,medium,1.4839805450749972,-1.4011462032040325,-0.46777445628119685,0.06090562639293992,83,hot,5.1
477,97826,pod_e,aardvark,melon,medium,-0.8462739084946312,-0.2626176267233713,-0.7056888817275274,-0.2780474248373344,81,hot,5.1
478,44931,pod_e,aardvark,melon,medium,-0.7787303011447869,-0.9077838200624126,0.4838832455041255,0.9082882544686258,39,cold,5.1
479,20687,pod_e,aardvark,melon,medium,-0.4410122643955654,-0.034911911427239026,-0.46777445628119685,-0.7864770016827459,82,cold,5.1
480,60675,pod_e,aardvark,melon,medium,-1.4541663746432298,0.268695708967604,-0.46777445628119685,-1.6338596297584318,60,hot,5.1
481,28535,pod_e,aardvark,melon,medium,-0.7449584974698648,-1.249342393006611,0.5631880539862356,-1.2949065785281575,78,cold,5.1
482,5595,pod_e,aardvark,melon,medium,-0.4072404607206433,-1.3631952506546772,-0.7056888817275274,-0.7864770016827459,39,cold,5.1
483,70754,pod_e,aardvark,melon,medium,-0.3059250496958768,0.6861561870105131,-0.15055522235275606,-1.4643831041432946,80,hot,5.1
484,93554,pod_e,aardvark,melon,medium,-0.06952242397142178,-0.2246666741740159,-0.22986003083486625,-0.2780474248373344,74,cold,5.1
485,69968,pod_e,aardvark,melon,medium,-1.690569000367685,-0.7939309624143466,-0.7056888817275274,-1.2949065785281575,83,hot,5.1
486,61421,pod_e,aardvark,melon,medium,0.20065200542795544,-0.45237238947014813,0.8804072879146764,0.06090562639293992,66,hot,5.1
487,77487,pod_e,aardvark,apple,medium,0.09933659440318898,0.8000090446585792,-1.3401273495844088,-0.2780474248373344,53,cold,5.1
488,52165,pod_e,aardvark,melon,medium,1.450208741400075,0.572303329362447,-0.547079264763307,1.4167178313140374,49,cold,5.1
489,27016,pod_e,aardvark,melon,medium,-1.7243408040426071,-0.2246666741740159,-1.022908115655968,1.0777647800837629,68,hot,5.1
490,15308,pod_e,aardvark,melon,medium,-0.8462739084946312,-0.4903233420195035,1.2769313303252274,0.39985867762321425,66,cold,5.1
491,42888,pod_e,aardvark,melon,medium,0.26819561277779974,0.8000090446585792,-0.7849936902096376,0.39985867762321425,36,cold,5.1
492,14614,pod_e,aardvark,melon,medium,-0.9475893195193977,-1.3631952506546772,1.1976265218431172,0.9082882544686258,73,hot,5.1
493,22629,pod_e,aardvark,melon,medium,-0.9813611231943198,-0.6800781047662804,0.8804072879146764,-1.6338596297584318,44,cold,5.1
494,15517,pod_e,aardvark,melon,medium,-0.47478406807048756,0.9518128548560008,0.0873592030935745,0.7388117288534887,70,hot,5.1
495,37069,pod_e,aardvark,melon,medium,0.3019674164527219,-0.338519531822082,1.4355409472894478,0.06090562639293992,54,hot,5.1
496,22346,pod_e,aardvark,melon,medium,0.8423162752514762,0.0789409462208271,0.1666640115756847,-1.1254300529130203,69,cold,5.1
497,16630,pod_e,aardvark,melon,medium,0.3695110238025662,-1.4770481083027434,0.0873592030935745,-0.6170004760676088,64,cold,5.1
498,71840,pod_e,aardvark,melon,medium,1.0787189009759313,-1.1734404879079003,-0.6263840732454172,1.0777647800837629,87,hot,5.1
499,55097,pod_e,aardvark,melon,medium,-0.6098712827701762,-0.11081381652594978,0.3252736285399051,0.39985867762321425,54,hot,5.1
500,65908,pod_e,aardvark,melon,medium,-1.5554817856679963,-0.4903233420195035,-0.547079264763307,1.0777647800837629,40,cold,5.1
501,40629,pod_e,aardvark,melon,medium,0.9774034899511649,1.4451752379976206,-0.38846964779908666,-1.4643831041432946,61,hot,5.1
502,89577,pod_e,aardvark,peach,medium,0.40328282747748834,1.1036166650534223,-1.7366513919949598,0.39985867762321425,70,hot,5.1
503,24138,pod_e,aardvark,melon,medium,-0.7111866937949426,0.0030390411221163484,-0.15055522235275606,0.39985867762321425,71,hot,5.1
504,42648,pod_e,bat,melon,low,0.9098598826013206,-0.11081381652594978,1.514845755771558,0.9082882544686258,54,hot,5.1
505,93459,pod_e,beetle,turnip,coconut,0.16688020175303328,1.0277147599547114,-0.7849936902096376,0.39985867762321425,76,hot,5.1
506,26654,pod_e,beetle,banana,low,-0.9475893195193977,1.7487828583924636,-1.4987369665486292,1.2472413056989002,34,hot,5.1
507,76085,pod_e,cat,fish,coconut,0.8085444715765542,0.15484285131953784,0.8011024794325662,-1.1254300529130203,42,hot,5.1
508,59860,pod_e,cat,melon,high,0.13310839807811112,-0.5282742945688589,0.0873592030935745,1.0777647800837629,67,cold,5.1
509,52707,pod_e,swan,orange,low,1.3488933303753086,-0.2626176267233713,-0.30916483931697647,-0.10857089922219726,93,hot,5.1
510,7072,pod_e,swan,melon,low,1.0787189009759313,0.4204995191650255,0.5631880539862356,-1.6338596297584318,41,cold,5.1
511,81809,pod_e,walrus,melon,high,1.3488933303753086,1.293371427800199,-0.7056888817275274,1.4167178313140374,65,cold,5.1
